0,activate_power,120,100,,power,,,,,0,5,medium,0,All Players,0,0,0,,,
1,activate_trap_generic,180,100,,trap,,,,,1,5,low,0,All Players,0,0,0,,,
2,activate_trap_rocket,180,100,,trap,,,,,1,5,low,0,All Players,0,0,0,,,
3,activate_trap_rollercoaster,180,100,,game,,,,,1,5,low,0,All Players,0,0,0,,,
4,afterlife_arrive  ,,100,,,,,,,1,5,low,0,,1,0,0,,,
5,afterlife_overstay,,100,,,,,,,1,5,low,0,,1,0,0,,,
10,arcade_complete,120,100,,game,,,,,1,5,low,0,All Players,1,0,0,,,
11,arcade_token_earn,,100,,,,,,,1,5,low,0,All Players,1,0,0,,,
12,arcade_token_revive,,100,,,,,,,1,5,low,0,All Players,1,0,0,,,
13,arcade_token_revive_first,,100,,,,,,,1,5,low,0,All Players,1,0,0,,,
18,atm_deposit,15,100,,,,,,,1,2,low,0,All Players,0,0,0,,,
19,basketball_anc_highscore,,100,,,,,,,1,5,low,0,,1,0,0,,,
20,basketball_anc_quickshot,,100,,,,,,,1,5,low,0,,1,0,0,,,
26,challenge_fail_solo,60,100,5,challenge,,,,,1,2,low,0,All Players,0,0,0,,,
27,challenge_fail_team,60,100,5,challenge,,,,,1,2,low,0,All Players,0,0,0,,,
29,challenge_success_generic,60,100,5,challenge,,,,,1,5,low,0,All Players,0,0,0,,,
30,clownwave_wavestart ,,100,,,,,,,1,5,low,0,,0,0,0,,,
36,collect_soulkey_1,60,100,,,,,p1_,collect_soulkey_2,0,5,high,0,,0,0,0,,,
37,collect_soulkey_2,60,100,,,,,p2_,collect_soulkey_3,0,5,high,0,,0,0,0,,,
38,collect_soulkey_3,60,100,,,,,p3_,collect_soulkey_4,0,5,high,0,,0,0,0,,,
39,collect_soulkey_4,60,100,,,,,p4_,collect_soulkey_5,0,5,high,0,,0,0,0,,,
40,collect_soulkey_5,60,100,,,,,p2_,,0,5,low,0,,0,0,0,,,
41,craft_success,120,100,,,,,,,1,5,low,0,All Players,0,0,0,,,
53,injured_pain_vocal,15,5,,,,,,,1,2,low,1,All Players,0,0,0,,,
54,intro,,100,,,,,,,1,5,low,0,,0,0,0,,,
58,kill_trap_generic,200,5,,kill,trap,,,,1,5,low,0,All Players,0,0,0,,,
63,killfirm,180,10,,kill,,,,,1,5,low,0,All Players,0,0,0,,,
64,killfirm_brute,10,90,,kill,special_zombie,,,,1,10,low,0,All Players,0,0,0,,,
65,killfirm_clown,180,10,,kill,special_zombie,,,,1,5,low,0,All Players,0,0,0,,,
66,killfirm_cop,180,10,,kill,special_zombie,,,,1,5,low,0,All Players,0,0,0,,,
71,killfirm_headshot,180,10,,kill,special_weapon,,,,1,5,medium,0,All Players,0,0,0,,,
74,laststand,0,100,,,,,,,1,5,low,0,All Players,1,0,0,,,
75,laststand_bleedout,0,100,,,,,,,1,5,low,0,All Players,1,0,0,,,
77,ww_magicbox_laughter ,0,100,,,,,,,1,5,high,0,,0,0,0,,,
78,magicwheel_badspin,0,100,,,,,,,1,5,low,0,All Players,0,0,0,,,
79,magicwheel_weapon,0,100,,,,,,,1,5,low,0,All Players,0,0,0,,,
81,nag_activate_power,400,40,,,power,,,,1,60,high,0,All Players,0,0,0,,,
82,nag_board_windows,90,100,,nag,barriers,,,,1,5,low,0,All Players,0,0,0,,,
83,nag_find_pap,90,100,,nag,pap,,,,1,5,low,0,All Players,0,0,0,,,
84,nag_low_ammo,90,100,,nag,ammo,,,,1,5,low,0,All Players,0,0,0,,,
85,nag_need_fateandfort,540,70,,nag,cards,,,,1,3,low,0,All Players,0,0,0,,,
86,nag_no_challenge,90,100,,nag,challenge,,,,1,5,low,0,All Players,0,0,0,,,
87,nag_out_ammo,90,100,,nag,ammo,,,,1,5,low,0,All Players,0,0,0,,,
91,nag_try_perk,540,70,,nag,perk,,,,1,5,low,0,All Players,0,0,0,,,
95,nag_use_fateandfort,540,70,,nag,cards,,,,1,5,low,0,All Players,0,0,0,,,
96,nag_use_portal,540,100,,nag,portals,,,,1,5,low,0,All Players,0,0,0,,,
97,nag_use_souvenircoin,540,70,,nag,crafting,,,,1,2,low,0,All Players,0,0,0,,,
98,nl_assembled_first,,100,1,,,,,,1,5,low,0,,0,0,0,,,
99,nl_challenge_complete,,100,,,,,,,1,5,low,0,,0,0,0,,,
100,nl_challenge_start,,100,,,,,,,1,5,low,0,,0,0,0,,,
101,nl_easteregg_complete,,100,,,,,,,1,5,low,0,,0,0,0,,,
102,no_cash,15,100,,money,,,,,1,5,high,0,All Players,0,0,0,,,
103,no_power,15,100,,power,,,,,1,5,high,0,All Players,0,0,0,,,
104,no_souvenir_coin,15,100,,crafting,,,,,1,5,medium,0,All Players,0,0,0,,,
105,no_tickets,15,100,,money,,,,,1,5,high,0,All Players,0,0,0,,,
106,pap_nag,60,100,,nag,pap,,,,1,5,low,0,,0,0,0,,,
107,pap_room_first,,100,,pap,,,,,1,5,high,0,All Players,0,1,0,,,
113,perk_use,,100,,perk,,,,,1,5,high,0,All Players,0,0,0,,,
114,pillage_ammo,15,100,,pillage,,,,,1,2,medium,0,All Players,0,0,0,,,
115,pillage_attachment,15,100,,pillage,,,,,1,2,medium,0,All Players,0,0,0,,,
116,pillage_craft,15,100,,pillage,,,,,1,2,medium,0,All Players,0,0,0,,,
117,pillage_generic,15,100,,pillage,,,,,1,2,medium,0,All Players,0,0,0,,,
118,pillage_grenade,15,100,,pillage,,,,,1,2,medium,0,All Players,0,0,0,,,
119,pillage_specialammo,15,100,,pillage,,,,,1,2,medium,0,All Players,0,0,0,,,
120,player_purchase_assault,30,100,,,,,,,1,4,medium,0,All Players,0,0,0,,,
121,player_purchase_launcher,30,100,,,,,,,1,4,medium,0,All Players,0,0,0,,,
122,player_purchase_pistol,30,100,,,,,,,1,4,medium,0,All Players,0,0,0,,,
123,player_purchase_shotgun,30,100,,,,,,,1,4,medium,0,All Players,0,0,0,,,
124,player_purchase_smg,30,100,,,,,,,1,4,medium,0,All Players,0,0,0,,,
125,player_purchase_sniper,30,100,,,,,,,1,4,medium,0,All Players,0,0,0,,,
126,player_purchase_wonder,30,100,,,,,,,1,4,medium,0,All Players,0,0,0,,,
127,portal_exit,,100,,,,,,,1,2,high,0,,0,0,0,,,
197,powerup_2xmoney,5,100,,,,,,,1,10,high,0,All Players,0,0,0,,,
198,powerup_2xpoints,5,100,,,,,,,1,10,high,0,All Players,0,0,0,,,
199,powerup_ammo,5,100,,,,,,,1,10,high,0,All Players,0,0,0,,,
200,powerup_carpenter,5,100,,,,,,,1,10,high,0,All Players,0,0,0,,,
201,powerup_doublemoney,5,100,,,,,,,1,10,high,0,All Players,0,0,0,,,
202,powerup_firesale,5,100,,,,,,,1,10,high,0,All Players,0,0,0,,,
203,powerup_grenade,5,100,,,,,,,1,10,high,0,All Players,0,0,0,,,
204,powerup_infiniteammo,5,100,,,,,,,1,10,high,0,All Players,0,0,0,,,
205,powerup_infinitegrenades,5,100,,,,,,,1,10,high,0,All Players,0,0,0,,,
206,powerup_instakill,5,100,,,,,,,1,10,high,0,All Players,0,0,0,,,
207,powerup_maxammo,5,100,,,,,,,1,10,high,0,All Players,0,0,0,,,
208,powerup_maxarmor,5,100,,,,,,,1,10,high,0,All Players,0,0,0,,,
209,powerup_nuke,5,100,,,,,,,1,10,high,0,All Players,0,0,0,,,
210,purchase_area,15,100,,door_purchase,,,,,1,5,low,4,All Players,0,0,0,,,
217,purchase_perk,30,100,,,,,,,1,10,high,0,All Players,0,0,0,,,
218,purchase_perk_bangbangs,30,100,,perk,,,,,1,5,low,0,All Players,0,0,0,,,
219,purchase_perk_bluebolts,30,100,,perk,,,,,1,5,low,0,All Players,0,0,0,,,
220,purchase_perk_bombstoppers,30,100,,perk,,,,,1,5,low,0,All Players,0,0,0,,,
221,purchase_perk_nulemunchies,30,100,,perk,,,,,1,5,low,0,All Players,0,0,0,,,
222,purchase_perk_quickies,30,100,,perk,,,,,1,5,low,0,All Players,0,0,0,,,
223,purchase_perk_racinstripes,30,100,,perk,,,,,1,5,low,0,All Players,0,0,0,,,
224,purchase_perk_revive_solo,30,100,,perk,,,,,1,5,low,0,All Players,0,0,0,,,
225,purchase_perk_slappytaffy,30,100,,perk,,,,,1,5,low,0,All Players,0,0,0,,,
226,purchase_perk_trailblazers,30,100,,perk,,,,,1,5,low,0,All Players,0,0,0,,,
227,purchase_perk_tuffnuff,30,100,,perk,,,,,1,5,low,0,All Players,0,0,0,,,
228,purchase_perk_upnatoms,30,100,,perk,,,,,1,5,low,0,All Players,0,0,0,,,
229,purchase_tickets,30,100,,purchase,tickets,,,,1,5,low,0,All Players,0,0,0,,,
230,purchase_weapon,10,100,,purchase,,,,,1,5,medium,0,All Players,0,0,0,,,
252,reinforce_window,60,100,5,,,,,,1,2,low,0,All Players,0,0,0,,,
253,respawn_laststand,,100,,,,,,,1,5,low,0,All Players,1,0,0,,,
254,respawn_round,,100,,,,,,,1,5,low,0,All Players,1,0,0,,,
255,revived,120,100,,,,,,,1,5,low,0,All Players,1,0,0,,,
256,reviving,120,100,,,,,,,1,5,low,0,All Players,1,0,0,,,
257,round_cooldown,60,100,,,,,,,1,5,low,0,All Players,1,0,0,,,
258,round_end_13thru16_1,,100,,,,,p2_,round_end_13thru16_2,0,5,high,0,,0,0,0,,,
259,round_end_13thru16_2,,100,,,,,p4_,round_end_13thru16_3,0,5,high,0,,0,0,0,,,
260,round_end_13thru16_3,,100,,,,,p3_,round_end_13thru16_4,0,5,high,0,,0,0,0,,,
261,round_end_13thru16_4,,100,,,,,p1_,round_end_13thru16_5,0,5,high,0,,0,0,0,,,
262,round_end_13thru16_5,,100,,,,,p2_,,0,5,low,0,,0,0,0,,,
263,round_end_3thru5_1,,100,,,,,p1_,round_end_3thru5_2,0,5,high,0,,0,0,0,,,
264,round_end_3thru5_2,,100,,,,,p2_,round_end_3thru5_3,0,5,high,0,,0,0,0,,,
265,round_end_3thru5_3,,100,,,,,p3_,round_end_3thru5_4,0,5,high,0,,0,0,0,,,
266,round_end_3thru5_4,,100,,,,,p4_,round_end_3thru5_5,0,5,high,0,,0,0,0,,,
267,round_end_3thru5_5,,100,,,,,p2_,,0,5,low,0,,0,0,0,,,
268,round_end_6thru8_1,,100,,,,,p4_,round_end_6thru8_2,0,5,high,0,,0,0,0,,,
269,round_end_6thru8_2,,100,,,,,p3_,round_end_6thru8_3,0,5,high,0,,0,0,0,,,
270,round_end_6thru8_3,,100,,,,,p1_,round_end_6thru8_4,0,5,high,0,,0,0,0,,,
271,round_end_6thru8_4,,100,,,,,p2_,round_end_6thru8_5,0,5,high,0,,0,0,0,,,
272,round_end_6thru8_5,,100,,,,,p1_,,0,5,low,0,,0,0,0,,,
273,round_end_9thru12_1,,100,,,,,p3_,round_end_9thru12_2,0,5,high,0,,0,0,0,,,
274,round_end_9thru12_2,,100,,,,,p2_,round_end_9thru12_3,0,5,high,0,,0,0,0,,,
275,round_end_9thru12_3,,100,,,,,p1_,round_end_9thru12_4,0,5,high,0,,0,0,0,,,
276,round_end_9thru12_4,,100,,,,,p4_,round_end_9thru12_5,0,5,high,0,,0,0,0,,,
277,round_end_9thru12_5,,100,,,,,p3_,,0,5,low,0,,0,0,0,,,
278,shooting_gall_anc_activate,,100,,,,,,,1,5,low,0,,1,0,0,,,
279,shooting_gall_anc_failure,,100,,,,,,,1,5,low,0,,1,0,0,,,
280,shooting_gall_anc_hit_target,,100,,,,,,,1,5,low,0,,1,0,0,,,
281,shooting_gall_anc_success,,100,,,,,,,1,5,low,0,,1,0,0,,,
282,souvenir_coin_station,30,100,,crafting,,,,,1,5,low,0,All Players,0,0,0,,,
283,souvenir_craft_success,,100,,crafting,,,,,1,5,low,0,All Players,0,0,0,,,
284,ww_spawn_alt_first_1,,100,,,,,,spawn_alt_first_2,0,5,high,0,,0,0,0,,,
285,spawn_alt_first_2,,100,,,,,p1_,ww_spawn_alt_first_6,0,5,high,0,,0,0,0,,,
286,spawn_alt_first_3,,100,,,,,,ww_spawn_alt_first_6,0,5,high,0,,0,0,0,,,
287,spawn_alt_first_4,,100,,,,,,ww_spawn_alt_first_6,0,5,high,0,,0,0,0,,,
288,spawn_alt_first_5,,100,,,,,,ww_spawn_alt_first_6,0,5,high,0,,0,0,0,,,
289,ww_spawn_alt_first_6,,100,,,,,,spawn_alt_first_7,0,5,high,0,,0,0,0,,,
290,spawn_alt_first_7,,100,,,,,p4_,ww_spawn_alt_first_8,0,5,high,0,,0,0,0,,,
291,ww_spawn_alt_first_8,,100,,,,,,,0,5,high,0,,0,0,0,,,
292,spawn_arcade,,100,,,,,,,1,25,low,2,All Players,1,0,0,,,
293,spawn_arcade_first,,100,1,,,,,,1,25,low,2,All Players,1,0,0,,,
302,spawn_intro,,100,,,,,,,1,5,low,0,All Players,0,0,0,,,
303,spawn_solo_first,,100,1,,,,,,1,5,low,0,All Players,0,0,0,,,
304,spawn_team_first,,100,1,,,,,,1,5,low,0,All Players,0,0,0,,,
305,spawn_team_first_1,,100,,,,,p1_,spawn_team_first_2,0,5,high,0,,0,0,0,,,
306,spawn_team_first_2,,100,,,,,p2_,spawn_team_first_3,0,5,high,0,,0,0,0,,,
307,spawn_team_first_3,,100,,,,,p3_,spawn_team_first_4,0,5,high,0,,0,0,0,,,
308,spawn_team_first_4,,100,,,,,p1_,spawn_team_first_5,0,5,high,0,,0,0,0,,,
309,spawn_team_first_5,,100,,,,,p4_,,0,5,low,0,,0,0,0,,,
317,weapon_pap,60,100,,,,,,,1,5,low,0,All Players,0,0,0,,,
318,withdraw_cash,15,10,,,,,,,1,2,low,0,All Players,0,0,0,,,
319,wonder_consume,,100,,,,,,,1,5,low,0,All Players,0,0,0,,,
320,wonder_restock,,100,,,,,,,1,5,low,0,All Players,0,0,0,,,
321,melee_splice,5,50,,,,,,,1,1,medium,0,All Players,0,0,0,,,
322,melee_miss,15,20,,,,,,,1,1,low,0,All Players,0,0,0,,,
323,melee_fatal,10,50,,kill,,,,,1,1,low,0,All Players,0,0,0,,,
359,hyperslopes_slide,,100,,,,,,spawn_alt_first_2,0,5,high,0,,0,0,0,,,
360,reviving_valleygirl,,100,,,,,p1_,spawn_alt_first_3,0,5,high,0,,0,0,0,,,
361,respawn_laststand_valleygirl,,100,,,,,p4_,spawn_alt_first_4,0,5,high,0,,0,0,0,,,
362,ww_powerup_2xmoney,,100,,,,,p3_,spawn_alt_first_5,0,5,high,0,,0,0,0,,,
363,ww_powerup_2xpoints,,100,,,,,p2_,ww_spawn_alt_first_6,0,5,low,0,,0,0,0,,,
364,ww_powerup_ammo,,100,,,,,,spawn_alt_first_7,0,5,low,1,,0,0,0,,,
365,ww_powerup_carpenter,,100,,,,,p4_,ww_spawn_alt_first_8,0,5,low,2,,0,0,0,,,
366,ww_powerup_doublemoney,,100,,,,,,,0,5,low,3,,0,0,0,,,
369,ww_powerup_firesale,30,100,,,,,,,1,4,medium,0,,,0,0,,,
370,ww_powerup_grenade,30,70,4,,,,,,0,5,medium,0,All Players,0,0,0,,,
371,ww_powerup_infiniteammo,30,70,4,,,,,,0,5,medium,0,All Players,0,0,0,,,
374,ww_powerup_infinitegrenades,0,100,,,,,,,1,10,highest,0,All Players,0,0,0,,,
375,ww_powerup_instakill,0,100,,,,,,,1,10,highest,0,All Players,0,0,0,,,
376,ww_powerup_maxammo,0,100,,,,,,,1,10,highest,0,All Players,0,0,0,,,
377,ww_powerup_maxarmor,0,100,,,,,,,1,10,highest,0,All Players,0,0,0,,,
378,ww_powerup_nuke,0,100,,,,,,,1,10,highest,0,All Players,0,0,0,,,
379,ww_pap_nag,0,100,,,,,,,1,10,highest,0,All Players,0,0,0,,,
380,ww_afterlife_memoir_1,0,100,,,,,,,1,10,highest,0,All Players,0,0,0,,,
381,ww_afterlife_memoir_2,0,100,,,,,,,1,10,highest,0,All Players,0,0,0,,,
382,ww_afterlife_memoir_3,0,100,,,,,,,1,10,highest,0,All Players,0,0,0,,,
383,ww_afterlife_memoir_4,0,100,,,,,,,1,10,highest,0,All Players,0,0,0,,,
384,ww_afterlife_memoir_5,0,100,,,,,,,1,10,highest,0,All Players,0,0,0,,,
385,ww_afterlife_memoir_6,0,100,,,,,,,1,10,highest,0,All Players,0,0,0,,,
386,ww_afterlife_memoir_7,0,100,,,,,,,1,10,highest,0,All Players,0,0,0,,,
391,ww_afterlife_memoir_8,5,100,3,,,,,,1,10,highest,0,All Players,0,1,0,,,
426,ww_intro_p5_solo,0,100,1,,,,,,0,50,highest,0,,1,0,0,,,
427,ww_p5_taunt,0,100,1,,,,,,0,50,highest,0,,1,0,0,,,
428,round3to5_14_1,0,100,1,,,,,,0,50,highest,0,,1,0,0,,,
429,round3to5_14_2,0,100,1,,,,,,0,50,highest,0,,1,0,0,,,
430,round3to5_14_3,0,100,1,,,,,,0,50,highest,0,,1,0,0,,,
431,round3to5_14_4,0,100,1,,,,,,0,50,highest,0,,1,0,0,,,
432,round3to5_14_5,0,100,1,,,,,,0,50,highest,0,,1,0,0,,,
433,round3to5_14_6,0,100,1,,,,,,0,50,highest,0,,1,0,0,,,
434,round3to5_14_7,0,100,,,,,,,0,50,highest,0,,1,0,0,,,
435,round3to5_14_8,0,100,,,,,,,0,50,highest,0,,1,0,0,,,
436,round3to5_15_1,,,,,,,p1_,round3to5_14_2,0,5,high,0,,0,0,0,,,
437,round3to5_15_2,,,,,,,p3_,round3to5_14_3,0,5,high,0,,0,0,0,,,
438,round3to5_15_3,,,,,,,p4_,round3to5_14_4,0,5,high,0,,0,0,0,,,
439,round3to5_15_4,,,,,,,p1_,round3to5_14_5,0,5,high,0,,0,0,0,,,
440,round3to5_15_5,,,,,,,p4_,round3to5_14_6,0,5,high,0,,0,0,0,,,
441,round3to5_15_6,,,,,,,p2_,round3to5_14_7,0,5,high,0,,0,0,0,,,
442,round3to5_15_7,,,,,,,p3_,round3to5_14_8,0,5,high,0,,0,0,0,,,
443,round3to5_16_1,,,,,,,p1_,,0,5,high,0,,0,0,0,,,
444,round3to5_16_2,,,,,,,p4_,round3to5_15_2,0,5,high,0,,0,0,0,,,
445,round3to5_16_3,,,,,,,p3_,round3to5_15_3,0,5,high,0,,0,0,0,,,
446,round3to5_16_4,,,,,,,p1_,round3to5_15_4,0,5,high,0,,0,0,0,,,
447,round3to5_16_5,,,,,,,p3_,round3to5_15_5,0,5,high,0,,0,0,0,,,
448,round3to5_16_6,,,,,,,p2_,round3to5_15_6,0,5,high,0,,0,0,0,,,
449,round3to5_17_1,,,,,,,p4_,round3to5_15_7,0,5,high,0,,0,0,0,,,
450,round3to5_17_2,,,,,,,p1_,,0,5,high,0,,0,0,0,,,
451,round3to5_17_3,,,,,,,p3_,round3to5_16_2,0,5,high,0,,0,0,0,,,
452,round3to5_17_4,,,,,,,p1_,round3to5_16_3,0,5,high,0,,0,0,0,,,
453,round3to5_17_5,,,,,,,p2_,round3to5_16_4,0,5,high,0,,0,0,0,,,
454,round3to5_17_6,,,,,,,p4_,round3to5_16_5,0,5,high,0,,0,0,0,,,
455,round9to12_22_1,,,,,,,p3_,round3to5_16_6,0,5,high,0,,0,0,0,,,
456,round9to12_22_2,,,,,,,p2_,,0,5,high,0,,0,0,0,,,
457,round9to12_22_3,,,,,,,p2_,round3to5_17_2,0,5,high,0,,0,0,0,,,
458,round9to12_22_4,,,,,,,p3_,round3to5_17_3,0,5,high,0,,0,0,0,,,
459,round9to12_22_5,,,,,,,p1_,round3to5_17_4,0,5,high,0,,0,0,0,,,
460,round9to12_22_6,,,,,,,p2_,round3to5_17_5,0,5,high,0,,0,0,0,,,
461,round9to12_22_7,,,,,,,p4_,round3to5_17_6,0,5,high,0,,0,0,0,,,
462,round9to12_22_8,,,,,,,p2_,,0,5,high,0,,0,0,0,,,
463,round9to12_22_9,,,,,,,p1_,round9to12_22_2,0,5,high,0,,0,0,0,,,
464,round9to12_23_1,,,,,,,p4_,round9to12_22_3,0,5,high,0,,0,0,0,,,
465,round9to12_23_2,,,,,,,p1_,round9to12_22_4,0,5,high,0,,0,0,0,,,
466,round9to12_23_3,,,,,,,p3_,round9to12_22_5,0,5,high,0,,0,0,0,,,
467,round9to12_23_4,,,,,,,p2_,round9to12_22_6,0,5,high,0,,0,0,0,,,
468,round9to12_23_5,,,,,,,p4_,round9to12_22_7,0,5,high,0,,0,0,0,,,
469,spawn_team_1_1,,,,,,,p2_,round9to12_22_8,0,5,high,0,,0,0,0,,,
470,spawn_team_1_2,,,,,,,p1_,round9to12_22_9,0,5,high,0,,0,0,0,,,
471,spawn_team_1_3,,,,,,,p3_,,0,5,high,0,,0,0,0,,,
472,spawn_team_1_4,,,,,,,p4_,round9to12_23_2,0,5,high,0,,0,0,0,,,
445,spawn_team_1_5,,,,,,,p1_,round9to12_23_3,0,5,high,0,,0,0,0,,,
446,spawn_team_1_6,,,,,,,p3_,round9to12_23_4,0,5,high,0,,0,0,0,,,
447,spawn_team_1_7,,,,,,,p2_,round9to12_23_5,0,5,high,0,,0,0,0,,,
448,spawn_alt_2_1,,,,,,,p4_,,0,5,high,0,,0,0,0,,,
449,spawn_alt_2_2,,,,,,,p1_,spawn_team_1_2,0,5,high,0,,0,0,0,,,
450,spawn_alt_2_3,,,,,,,p4_,spawn_team_1_3,0,5,high,0,,0,0,0,,,
451,spawn_alt_2_4,,,,,,,p3_,spawn_team_1_4,0,5,high,0,,0,0,0,,,
452,spawn_alt_2_5,,,,,,,p2_,spawn_team_1_5,0,5,high,0,,0,0,0,,,
453,spawn_alt_2_6,,,,,,,p3_,spawn_team_1_6,0,5,high,0,,0,0,0,,,
454,spawn_alt_2_7,,,,,,,p2_,spawn_team_1_7,0,5,high,0,,0,0,0,,,
455,spawn_alt_3_1,,,,,,,p1_,,0,5,high,0,,0,0,0,,,
456,spawn_alt_3_2,,,,,,,p4_,spawn_alt_2_2,0,5,high,0,,0,0,0,,,
457,spawn_alt_3_3,,,,,,,p3_,spawn_alt_2_3,0,5,high,0,,0,0,0,,,
458,spawn_alt_3_4,,,,,,,p1_,spawn_alt_2_4,0,5,high,0,,0,0,0,,,
459,spawn_alt_3_5,,,,,,,p2_,spawn_alt_2_5,0,5,high,0,,0,0,0,,,
460,spawn_alt_3_6,,,,,,,p1_,spawn_alt_2_6,0,5,high,0,,0,0,0,,,
461,spawn_alt_3_7,,,,,,,p4_,spawn_alt_2_7,0,5,high,0,,0,0,0,,,
462,spawn_alt_3_8,,,,,,,p2_,,0,5,high,0,,0,0,0,,,
463,spawn_alt_3_9,,,,,,,p4_,spawn_alt_3_2,0,5,high,0,,0,0,0,,,
464,spawn_alt_4_1,,,,,,,p3_,spawn_alt_3_3,0,5,high,0,,0,0,0,,,
466,spawn_alt_4_2,,,,,,,p2_,spawn_alt_3_4,0,5,high,0,,0,0,0,,,
467,spawn_alt_4_3,,,,,,,p4_,spawn_alt_3_5,0,5,high,0,,0,0,0,,,
468,spawn_alt_4_4,,,,,,,p1_,spawn_alt_3_6,0,5,high,0,,0,0,0,,,
469,spawn_alt_4_5,,,,,,,p3_,spawn_alt_3_7,0,5,high,0,,0,0,0,,,
470,spawn_alt_4_6,,,,,,,p2_,spawn_alt_3_8,0,5,high,0,,0,0,0,,,
471,spawn_alt_4_7,,,,,,,p1_,spawn_alt_3_9,0,5,high,0,,0,0,0,,,
472,spawn_alt_4_8,,,,,,,p4_,,0,5,high,0,,0,0,0,,,
473,spawn_alt_4_9,,,,,,,p3_,spawn_alt_4_2,0,5,high,0,,0,0,0,,,
474,spawn_alt_4_10,,,,,,,p4_,spawn_alt_4_3,0,5,high,0,,0,0,0,,,
475,spawn_alt_4_11,,,,,,,p1_,spawn_alt_4_4,0,5,high,0,,0,0,0,,,
476,spawn_alt_5_1,,,,,,,p2_,spawn_alt_4_5,0,5,high,0,,0,0,0,,,
477,spawn_alt_5_2,,,,,,,p3_,spawn_alt_4_6,0,5,high,0,,0,0,0,,,
478,spawn_alt_5_3,,,,,,,p2_,spawn_alt_4_7,0,5,high,0,,0,0,0,,,
479,spawn_alt_5_4,,,,,,,p1_,spawn_alt_4_8,0,5,high,0,,0,0,0,,,
480,spawn_alt_5_5,,,,,,,p4_,spawn_alt_4_9,0,5,high,0,,0,0,0,,,
481,spawn_alt_5_6,,,,,,,p2_,spawn_alt_4_10,0,5,high,0,,0,0,0,,,
482,spawn_alt_5_7,,,,,,,p4_,spawn_alt_4_11,0,5,high,0,,0,0,0,,,
483,spawn_alt_5_8,,,,,,,p3_,,0,5,high,0,,0,0,0,,,
484,poweron_first_chola_1,,,,,,,p2_,spawn_alt_5_2,0,5,high,0,,0,0,0,,,
485,poweron_first_chola_2,,,,,,,p4_,spawn_alt_5_3,0,5,high,0,,0,0,0,,,
486,poweron_first_chola_3,,,,,,,p2_,spawn_alt_5_4,0,5,high,0,,0,0,0,,,
487,poweron_first_chola_4,,,,,,,p3_,spawn_alt_5_5,0,5,high,0,,0,0,0,,,
488,poweron_first_chola_5,,,,,,,p1_,spawn_alt_5_6,0,5,high,0,,0,0,0,,,
489,poweron_first_chola_6,,,,,,,p2_,spawn_alt_5_7,0,5,high,0,,0,0,0,,,
490,poweron_first_chola_7,,,,,,,p4_,spawn_alt_5_8,0,5,high,0,,0,0,0,,,
491,poweron_first_hiphop_1,,,,,,,p2_,,0,5,high,0,,0,0,0,,,
518,poweron_first_hiphop_2,,,,,,,p1_,poweron_first_chola_2,0,5,high,0,,0,0,0,,,
519,poweron_first_hiphop_3,,,,,,,p4_,poweron_first_chola_3,0,5,high,0,,0,0,0,,,
520,poweron_first_hiphop_4,,,,,,,p1_,poweron_first_chola_4,0,5,high,0,,0,0,0,,,
521,poweron_first_hiphop_5,,,,,,,p2_,poweron_first_chola_5,0,5,high,0,,0,0,0,,,
522,poweron_first_hiphop_6,,,,,,,p3_,poweron_first_chola_6,0,5,high,0,,0,0,0,,,
523,poweron_first_hiphop_7,,,,,,,p2_,poweron_first_chola_7,0,5,high,0,,0,0,0,,,
524,poweron_first_hiphop_8,,,,,,,p4_,,0,5,high,0,,0,0,0,,,
525,poweron_first_rocker_1,,,,,,,p4_,poweron_first_hiphop_2,0,5,high,0,,0,0,0,,,
526,poweron_first_rocker_2,,,,,,,p1_,poweron_first_hiphop_3,0,5,high,0,,0,0,0,,,
527,poweron_first_rocker_3,,,,,,,p3_,poweron_first_hiphop_4,0,5,high,0,,0,0,0,,,
528,poweron_first_rocker_4,,,,,,,p2_,poweron_first_hiphop_5,0,5,high,0,,0,0,0,,,
529,poweron_first_rocker_5,,,,,,,p4_,poweron_first_hiphop_6,0,5,high,0,,0,0,0,,,
530,poweron_first_rocker_6,,,,,,,p3_,poweron_first_hiphop_7,0,5,high,0,,0,0,0,,,
531,poweron_first_raver_1,,,,,,,p2_,poweron_first_hiphop_8,0,5,high,0,,0,0,0,,,
532,poweron_first_raver_2,,,,,,,p4_,,0,5,high,0,,0,0,0,,,
533,poweron_first_raver_3,,,,,,,p3_,poweron_first_rocker_2,0,5,high,0,,0,0,0,,,
534,poweron_first_raver_4,,,,,,,p1_,poweron_first_rocker_3,0,5,high,0,,0,0,0,,,
535,poweron_first_raver_5,,,,,,,p2_,poweron_first_rocker_4,0,5,high,0,,0,0,0,,,
536,poweron_first_raver_6,,,,,,,p4_,poweron_first_rocker_5,0,5,high,0,,0,0,0,,,
537,pap_chola_1,,,,,,,p3_,poweron_first_rocker_6,0,5,high,0,,0,0,0,,,
538,pap_chola_2,,,,,,,p1_,,0,5,high,0,,0,0,0,,,
539,pap_chola_3,,,,,,,p2_,poweron_first_raver_2,0,5,high,0,,0,0,0,,,
540,pap_chola_4,,,,,,,p4_,poweron_first_raver_3,0,5,high,0,,0,0,0,,,
541,pap_chola_5,,,,,,,p3_,poweron_first_raver_4,0,5,high,0,,0,0,0,,,
542,pap_chola_6,,,,,,,p1_,poweron_first_raver_5,0,5,high,0,,0,0,0,,,
543,pap_chola_7,,,,,,,p4_,poweron_first_raver_6,0,5,high,0,,0,0,0,,,
544,pap_chola_8,,,,,,,p2_,,0,5,high,0,,0,0,0,,,
545,pap_rocker_1,,,,,,,p1_,pap_chola_2,0,5,high,0,,0,0,0,,,
546,pap_rocker_2,,,,,,,p2_,pap_chola_3,0,5,high,0,,0,0,0,,,
547,pap_rocker_3,,,,,,,p4_,pap_chola_4,0,5,high,0,,0,0,0,,,
548,pap_rocker_4,,,,,,,p2_,pap_chola_5,0,5,high,0,,0,0,0,,,
549,pap_rocker_5,,,,,,,p1_,pap_chola_6,0,5,high,0,,0,0,0,,,
550,pap_rocker_6,,,,,,,p2_,pap_chola_7,0,5,high,0,,0,0,0,,,
551,pap_rocker_7,,,,,,,p3_,pap_chola_8,0,5,high,0,,0,0,0,,,
552,pap_rocker_8,,,,,,,p1_,,0,5,high,0,,0,0,0,,,
553,pap_rocker_9,,,,,,,p3_,pap_rocker_2,0,5,high,0,,0,0,0,,,
554,pap_rocker_10,,,,,,,p2_,pap_rocker_3,0,5,high,0,,0,0,0,,,
555,pap_rocker_11,,,,,,,p4_,pap_rocker_4,0,5,high,0,,0,0,0,,,
556,pap_hiphop_1,,,,,,,p2_,pap_rocker_5,0,5,high,0,,0,0,0,,,
557,pap_hiphop_2,,,,,,,p1_,pap_rocker_6,0,5,high,0,,0,0,0,,,
558,pap_hiphop_3,,,,,,,p2_,pap_rocker_7,0,5,high,0,,0,0,0,,,
559,pap_hiphop_4,,,,,,,p3_,pap_rocker_8,0,5,high,0,,0,0,0,,,
560,pap_hiphop_5,,,,,,,p2_,pap_rocker_9,0,5,high,0,,0,0,0,,,
561,pap_hiphop_6,,,,,,,p1_,pap_rocker_10,0,5,high,0,,0,0,0,,,
562,pap_hiphop_7,,,,,,,p2_,pap_rocker_11,0,5,high,0,,0,0,0,,,
563,pap_hiphop_8,,,,,,,p3_,,0,5,high,0,,0,0,0,,,
564,pap_raver_1,,,,,,,p4_,pap_hiphop_2,0,5,high,0,,0,0,0,,,
565,pap_raver_2,,,,,,,p3_,pap_hiphop_3,0,5,high,0,,0,0,0,,,
566,pap_raver_3,,,,,,,p4_,pap_hiphop_4,0,5,high,0,,0,0,0,,,
567,pap_raver_4,,,,,,,p1_,pap_hiphop_5,0,5,high,0,,0,0,0,,,
568,pap_raver_5,,,,,,,p2_,pap_hiphop_6,0,5,high,0,,0,0,0,,,
569,pap_raver_6,,,,,,,p3_,pap_hiphop_7,0,5,high,0,,0,0,0,,,
570,killfirm_wonder,,,,,,,p2_,pap_hiphop_8,0,5,low,0,,0,0,0,,,
571,killfirm_sasquatch,,,,,,,p4_,,0,5,high,0,,0,0,0,,,
572,killfirm_lumberjack,,,,,,,p2_,pap_raver_2,0,5,high,0,,0,0,0,,,
573,slasher_first,,,,,,,p3_,pap_raver_3,0,5,high,0,,0,0,0,,,
574,slasher_generic,,,,,,,p4_,pap_raver_4,0,5,high,0,,0,0,0,,,
575,survivor_first,,,,,,,p1_,pap_raver_5,0,5,high,0,,0,0,0,,,
576,killfirm_slasher,,,,,,,p2_,pap_raver_6,0,5,high,0,,0,0,0,,,
577,kill_trap_1,,,,,,,p3_,,0,5,high,0,,0,0,0,,,
739,kill_trap_2,180,10,,kill,,,,,0,5,low,0,All Players,0,0,0,,,
740,kill_trap_3,180,10,,kill,special_zombie,,,,0,5,low,0,All Players,0,0,0,,,
741,kill_trap_4,180,10,,kill,special_zombie,,,,0,5,low,0,All Players,0,0,0,,,
742,kill_trap_5,180,10,,kill,special_zombie,,,,0,5,low,0,All Players,0,0,0,,,
743,kill_trap_6,5,100,1,,,,,,1,30,highest,0,All Players,0,0,0,,,
744,trap_kill_7,5,100,,,,,,,1,30,high,0,All Players,0,0,0,,,
745,enter_rave,5,100,1,,,,,,1,30,highest,0,All Players,0,0,0,,,
746,exit_rave,10,90,,kill,special_zombie,,,,1,15,low,0,All Players,0,0,0,,,
747,ww_intro,15,100,,kill,,,,,1,5,medium,0,All Players,0,0,0,,,
748,ww_intro_p1,15,100,,kill,,,,,1,5,medium,0,All Players,0,0,0,,,
749,ww_intro_p3,15,100,,kill,,,,,1,5,medium,0,All Players,0,0,0,,,
750,ww_intro_p4,15,100,,kill,,,,,1,5,medium,0,All Players,0,0,0,,,
751,ww_intro_p2,15,100,,kill,,,,,1,5,medium,0,All Players,0,0,0,,,
752,ww_intro_p5,15,100,,kill,,,,,1,5,medium,0,All Players,0,0,0,,,
753,afterlife_arrive,15,10,,kill,,,,,1,5,medium,0,All Players,0,0,0,,,
754,afterlife_p4_generic,30,30,,,,,,,1,5,medium,0,All Players,0,0,0,,,
755,afterlife_p4_notoken,30,30,,,,,,,1,5,medium,0,All Players,0,0,0,,,
756,afterlife_p1_generic,,100,,,,,,,1,20,highest,0,,1,0,0,,,
757,afterlife_p1_notoken,,100,,,,,,,1,20,highest,0,,1,0,0,,,
758,afterlife_p3_generic,,100,,,,,,,1,20,highest,0,,1,0,0,,,
759,afterlife_p3_notoken,,100,,,,,,,1,20,highest,0,,1,0,0,,,
760,afterlife_p2_generic,,100,,,,,,,1,20,highest,0,,1,0,0,,,
761,afterlife_p2_notoken,,100,,,,,,,1,20,highest,0,,1,0,0,,,
762,afterlife_p5_generic,,100,,,,,,,1,20,highest,0,,1,0,0,,,
763,afterlife_p5_alt_1,,100,,,,,,,1,20,highest,0,,1,0,0,,,
764,afterlife_p5_notoken,,100,,,,,,,1,20,highest,0,,1,0,0,,,
765,ww_rave_mode,,100,,,,,,,1,20,highest,0,,1,0,0,,,
766,ww_clownwave_wavestart,,100,,,,,,,1,20,highest,0,,1,0,0,,,
767,ww_slasher_firstspawn,,100,,,,,,,1,20,highest,0,,1,0,0,,,
768,ww_slasher_spawn,,100,,,,,,,1,20,highest,0,,1,0,0,,,
769,ww_slasher_spawn_p5,,100,,,,,,,1,20,highest,0,,1,0,0,,,
770,ww_slasher_death,,100,,,,,,,1,20,highest,0,,1,0,0,,,
771,ww_slasher_death_p5,,100,,,,,,,1,20,highest,0,,1,0,0,,,
772,ww_superslasher_firstspawn,,100,,,,,,,1,20,highest,0,,1,0,0,,,
773,ww_superslasher_death,,100,,,,,,,1,20,highest,0,,1,0,0,,,
774,ww_easteregg_complete,,100,,,,,,,1,20,highest,0,,1,0,0,,,
775,melee_special,180,10,,,,,,,1,5,low,0,,1,0,0,,,
776,killfirm_kungfumode,180,10,,kill,,,,,1,5,low,0,,1,0,1,,,
777,killfirm_ww_katana,180,10,,kill,,,,,1,5,low,0,,1,0,0,,,
778,killfirm_ww_nunchuck,180,10,,kill,,,,,1,5,low,0,,1,0,1,,,
779,killfirm_ww_heart,180,10,,kill,,,,,1,5,low,0,,1,0,1,,,
780,ebs_first,180,10,,,,,,,1,5,low,0,,1,0,1,,,
781,ebs,180,10,,,,,,,1,5,low,0,,1,0,1,,,
782,trap_kill_buffer,180,10,,kill,,,,,1,3,low,0,,1,0,1,,,
783,trap_kill_elecfence,180,10,,kill,,,,,1,3,low,5,,0,0,0,,,
784,trap_kill_firehydrant,180,10,,kill,,,,,1,3,low,0,,0,0,0,,,
793,trap_kill_moshpit,180,10,,kill,,,,,1,3,low,0,,1,0,0,,,
794,trap_kill_fanblade,180,10,,kill,,,,,1,3,low,0,,1,0,0,,,
795,respawn_laststand_aj,,100,,,,,,,1,3,low,0,,1,0,0,,,
830,laststand_coaster,5,50,,,,,,,1,2,medium,0,All Players,0,0,0,,,
831,pillage_cash,180,40,,,,,,,1,5,medium,0,All Players,0,0,0,,,
832,pap_collect_fuse,180,100,,,,,,,1,5,highest,0,All Players,0,0,0,,,
833,pap_place_fuse,180,100,,,,,,,1,5,highest,0,All Players,0,0,0,,,
834,pam_collect_lockerkey,,100,,,,,,,1,10,highest,0,All Players,0,0,0,,,
835,pam_open_locker,,100,,,,,,,1,10,highest,0,All Players,0,0,0,,,
836,pam_collect_eye,,100,,,,,,,1,10,highest,0,All Players,0,0,0,,,
837,pam_answer_phone,,100,,,,,,,1,10,highest,0,All Players,0,0,0,,,
838,pam_collect_brain,,100,,,,,,,1,10,highest,0,All Players,0,0,0,,,
839,pam_collect_turnstile,,100,,,,,,,1,10,highest,0,All Players,0,0,0,,,
840,pam_collect_heart,,100,,,,,,,1,10,highest,0,All Players,0,0,0,,,
841,pam_quest_complete,,100,,,,,,,1,10,highest,0,All Players,0,0,0,,,
842,pam_quest_return,,100,,,,,,,1,10,highest,0,All Players,0,0,0,,,
843,enter_kungfu,,50,,,,,,,1,10,highest,0,All Players,0,0,0,,,
844,exit_kungfu,,50,,,,,,,1,5,highest,0,All Players,0,0,0,,,
845,gourd_misc,,30,,,,,,,1,5,highest,0,All Players,0,0,0,,,
846,gourd_snake,,30,,,,,,,1,5,highest,0,All Players,0,0,0,,,
847,gourd_crane,,30,,,,,,,1,5,highest,0,All Players,0,0,0,,,
848,gourd_tiger,,30,,,,,,,1,5,highest,0,All Players,0,0,0,,,
849,gourd_dragon,,30,,,,,,,1,5,highest,0,All Players,0,0,0,,,
850,door_chi_none_1,,50,,door,,,,,1,5,low,0,All Players,0,0,0,,,
851,door_chi_none,,50,,door,,,,,1,5,low,0,All Players,0,0,0,,,
852,door_chi_notenough,,50,,door,,,,,1,5,low,0,All Players,0,0,0,,,
853,door_chi_purchase_1,,50,,door,,,,,1,5,low,0,All Players,0,0,0,,,
854,door_chi_purchase,,50,,door,,,,,1,5,low,0,All Players,0,0,0,,,
855,door_wooden_fail,,50,,door,,,,,1,5,low,0,All Players,0,0,0,,,
856,door_wooden_sucess,,50,,door,,,,,1,5,low,0,All Players,0,0,0,,,
857,door_kill_notenough,,50,,door,,,,,1,5,low,0,All Players,0,0,0,,,
858,door_kill_purchase,,50,,door,,,,,1,5,low,0,All Players,0,0,0,,,
859,purchase_perk_deadeyedewdrop,,50,,,,,,,1,5,highest,0,All Players,0,0,0,,,
860,pap_quest_collect_ticket,,100,1,,,,,,1,5,highest,0,All Players,0,0,0,,,
861,pap_quest_collect_coin,,100,1,,,,,,1,5,highest,0,All Players,0,0,0,,,
862,pap_quest_insert_coin_1,,100,1,,,,,,1,5,highest,0,All Players,0,0,0,,,
863,pap_quest_insert_coin_2,,100,1,,,,,,1,5,highest,0,All Players,0,0,0,,,
864,pap_quest_insert_coin_3,,100,1,,,,,,1,5,highest,0,All Players,0,0,0,,,
865,pap_quest_insert_coin_4,,100,1,,,,,,1,5,highest,0,All Players,0,0,0,,,
866,pap_quest_success,,100,1,,,,,,1,5,highest,0,All Players,0,0,0,,,
867,weapon_pap_nunchucks_1,180,10,,,,,,,1,5,highest,0,All Players,0,0,0,,,
868,weapon_pap_nunchucks_2,180,10,,,,,,,1,5,highest,0,All Players,0,0,0,,,
869,weapon_pap_katana_1,180,10,,,,,,,1,5,highest,0,All Players,0,0,0,,,
870,weapon_pap_katana_2,180,10,,,,,,,1,5,highest,0,All Players,0,0,0,,,
871,pap_upgrade,180,10,,,,,,,1,5,highest,0,All Players,0,0,0,,,
872,nag_puzzle,180,10,,,,,,,1,5,low,0,All Players,0,0,0,,,
873,collect_puzzle,180,10,,,,,,,1,5,low,0,All Players,0,0,0,,,
874,place_puzzle,180,10,,,,,,,1,5,low,0,All Players,0,0,0,,,
875,puzzle_craft_success,180,10,,,,,,,1,5,low,0,All Players,0,0,0,,,
876,collect_craft_misc,180,10,,,,,,,1,5,low,0,All Players,0,0,0,,,
877,collect_craft_lava,180,10,,,,,,,1,5,low,0,All Players,0,0,0,,,
878,collect_craft_fan,180,10,,,,,,,1,5,low,0,All Players,0,0,0,,,
879,collect_craft_zombgone,180,10,,,,,,,1,5,low,0,All Players,0,0,0,,,
880,challenge_success_chi,180,10,,,,,,,1,5,highest,0,All Players,0,0,0,,,
881,powerup_deadeye,180,10,,,,,,,1,5,highest,0,All Players,0,0,0,,,
882,magicwheel_nunchucks,,100,,,,,,,1,5,highest,0,All Players,0,0,0,,,
883,magicwheel_katana,,100,,,,,,,1,5,highest,0,All Players,0,0,0,,,
884,ww_afterlife_p4_generic,15,100,,,,,,,1,5,highest,0,All Players,0,0,0,,,
885,ww_afterlife_p4_notoken,15,100,,,,,,,1,5,highest,0,All Players,0,0,0,,,
886,ww_afterlife_p1_generic,15,100,,,,,,,1,5,highest,0,All Players,0,0,0,,,
887,ww_afterlife_p1_notoken,15,100,,,,,,,1,5,highest,0,All Players,0,0,0,,,
888,ww_afterlife_p3_generic,15,100,,,,,,,1,5,highest,0,All Players,0,0,0,,,
889,ww_afterlife_p3_notoken,15,100,,,,,,,1,5,highest,0,All Players,0,0,0,,,
890,ww_afterlife_p2_generic,15,100,,,,,,,1,5,highest,0,All Players,0,0,0,,,
891,ww_afterlife_p2_notoken,15,100,,,,,,,1,5,highest,0,All Players,0,0,0,,,
892,ww_afterlife_p5_generic,15,100,,,,,,,1,5,highest,0,All Players,0,0,0,,,
893,ww_afterlife_p5_notoken,15,100,,,,,,,1,5,highest,0,All Players,0,0,0,,,
894,ww_bio_sally_1,15,100,,,,,,,1,5,highest,0,All Players,0,0,0,,,
895,ww_bio_sally_2,15,100,,,,,,,1,5,highest,0,All Players,0,0,0,,,
896,ww_bio_sally_3,15,100,,,,,,,1,5,highest,0,All Players,0,0,0,,,
897,ww_bio_andre_1,15,100,,,,,,,1,5,highest,0,All Players,0,0,0,,,
898,ww_bio_andre_2,15,100,,,,,,,1,5,highest,0,All Players,0,0,0,,,
899,ww_bio_andre_3,15,100,,,,,,,1,5,highest,0,All Players,0,0,0,,,
900,ww_bio_aj_1,15,100,,,,,,,1,5,highest,0,All Players,0,0,0,,,
901,ww_bio_aj_2,15,100,,,,,,,1,5,highest,0,All Players,0,0,0,,,
902,ww_bio_aj_3,15,100,,,,,,,1,5,highest,0,All Players,0,0,0,,,
903,ww_bio_pdex_1,15,100,,,,,,,1,5,highest,0,All Players,0,0,0,,,
904,ww_bio_pdex_2,15,100,,,,,,,1,5,highest,0,All Players,0,0,0,,,
905,ww_bio_pdex_3,15,100,,,,,,,1,5,highest,0,All Players,0,0,0,,,
906,ww_bio_all,15,100,,,,,,,1,5,highest,0,All Players,0,0,0,,,
907,ww_afterlife_overstay,15,100,,,,,,,1,5,highest,0,All Players,0,0,0,,,
908,ww_kungfu_mode,15,100,,,,,,,1,5,highest,0,All Players,0,0,0,,,
909,ww_skater_wavestart,15,100,,,,,,,1,5,highest,0,All Players,0,0,0,,,
910,ww_ratking_firstspawn,15,100,,,,,,,1,5,highest,0,All Players,0,0,0,,,
911,ww_ratking_spawn,15,100,,,,,,,1,5,highest,0,All Players,0,0,0,,,
912,ww_ratking_spawn_p5,15,100,,,,,,,1,5,highest,0,All Players,0,0,0,,,
913,ww_ratking_death,15,100,,,,,,,1,5,highest,0,All Players,0,0,0,,,
914,ww_ratking_death_p5,15,100,,,,,,,1,5,highest,0,All Players,0,0,0,,,
915,ww_ratking_finalspawn,15,100,,,,,,,1,5,highest,0,All Players,0,0,0,,,
916,ww_ratking_finaldeath,15,100,,,,,,,1,5,highest,0,All Players,0,0,0,,,
917,ww_powerup_deadeyedewdrop,15,100,,,,,,,1,20,highest,1,All Players,0,0,0,,,
918,ww_quest_failure,15,100,,,,,,,1,20,highest,0,All Players,0,0,0,,,
919,purchase_perk_deadeyedewdrop,30,100,,perk,,,,,1,20,highest,0,All Players,0,0,0,,,
920,sally_pam_first_1,,,,,,,p1_,pg_sally_pam_first_2,0,5,highest,0,All Players,0,0,0,,,
921,pg_sally_pam_first_2,,,,,,,,sally_pam_first_3,0,5,highest,0,All Players,0,0,0,,,
922,sally_pam_first_3,,,,,,,p1_,pg_sally_pam_first_4,0,5,highest,0,All Players,0,0,0,,,
923,pg_sally_pam_first_4,,,,,,,,sally_pam_first_5,0,5,highest,0,All Players,0,0,0,,,
924,sally_pam_first_5,,,,,,,p1_,pg_sally_pam_first_6,0,5,highest,0,All Players,0,0,0,,,
925,pg_sally_pam_first_6,,,,,,,,,0,5,highest,0,All Players,0,0,0,,,
920,pdex_pam_first_1,,,,,,,p2_,pg_pdex_pam_first_2,0,5,highest,0,All Players,0,0,0,,,
921,pg_pdex_pam_first_2,,,,,,,,pdex_pam_first_3,0,5,highest,0,All Players,0,0,0,,,
922,pdex_pam_first_3,,,,,,,p2_,pg_pdex_pam_first_4,0,5,highest,0,All Players,0,0,0,,,
923,pg_pdex_pam_first_4,,,,,,,,pdex_pam_first_5,0,5,highest,0,All Players,0,0,0,,,
924,pdex_pam_first_5,,,,,,,p2_,pg_pdex_pam_first_6,0,5,highest,0,All Players,0,0,0,,,
925,pg_pdex_pam_first_6,,,,,,,,,0,5,highest,0,All Players,0,0,0,,,
920,andre_pam_first_1,,,,,,,p3_,pg_andre_pam_first_2,0,5,highest,0,All Players,0,0,0,,,
921,pg_andre_pam_first_2,,,,,,,,andre_pam_first_3,0,5,highest,0,All Players,0,0,0,,,
922,andre_pam_first_3,,,,,,,p3_,pg_andre_pam_first_4,0,5,highest,0,All Players,0,0,0,,,
923,pg_andre_pam_first_4,,,,,,,,andre_pam_first_5,0,5,highest,0,All Players,0,0,0,,,
924,andre_pam_first_5,,,,,,,p3_,pg_andre_pam_first_6,0,5,highest,0,All Players,0,0,0,,,
925,pg_andre_pam_first_6,,,,,,,,,0,5,highest,0,All Players,0,0,0,,,
920,aj_pam_first_1,,,,,,,p4_,pg_aj_pam_first_2,0,5,highest,0,All Players,0,0,0,,,
921,pg_aj_pam_first_2,,,,,,,,aj_pam_first_3,0,5,highest,0,All Players,0,0,0,,,
922,aj_pam_first_3,,,,,,,p4_,pg_aj_pam_first_4,0,5,highest,0,All Players,0,0,0,,,
923,pg_aj_pam_first_4,,,,,,,,aj_pam_first_5,0,5,highest,0,All Players,0,0,0,,,
924,aj_pam_first_5,,,,,,,p4_,pg_aj_pam_first_6,0,5,highest,0,All Players,0,0,0,,,
925,pg_aj_pam_first_6,,,,,,,,,0,5,highest,0,All Players,0,0,0,,,
926,sally_spawn_1,,,,,,,p1_,sally_spawn_2,0,5,highest,0,All Players,0,0,0,,,
927,sally_spawn_2,,,,,,,p2_,sally_spawn_3,0,5,highest,0,All Players,0,0,0,,,
928,sally_spawn_3,,,,,,,p4_,sally_spawn_4,0,5,highest,0,All Players,0,0,0,,,
929,sally_spawn_4,,,,,,,p2_,sally_spawn_5,0,5,highest,0,All Players,0,0,0,,,
930,sally_spawn_5,,,,,,,p1_,sally_spawn_6,0,5,highest,0,All Players,0,0,0,,,
931,sally_spawn_6,,,,,,,p3_,,0,5,highest,0,All Players,0,0,0,,,
932,aj_spawn_1,,,,,,,p4_,aj_spawn_2,0,5,highest,0,All Players,0,0,0,,,
933,aj_spawn_2,,,,,,,p2_,aj_spawn_3,0,5,highest,0,All Players,0,0,0,,,
934,aj_spawn_3,,,,,,,p1_,aj_spawn_4,0,5,highest,0,All Players,0,0,0,,,
935,aj_spawn_4,,,,,,,p3_,aj_spawn_5,0,5,highest,0,All Players,0,0,0,,,
936,aj_spawn_5,,,,,,,p4_,aj_spawn_6,0,5,highest,0,All Players,0,0,0,,,
937,aj_spawn_6,,,,,,,p2_,,0,5,highest,0,All Players,0,0,0,,,
938,andre_spawn_1,,,,,,,p3_,andre_spawn_2,0,5,highest,0,All Players,0,0,0,,,
939,andre_spawn_2,,,,,,,p1_,andre_spawn_3,0,5,highest,0,All Players,0,0,0,,,
940,andre_spawn_3,,,,,,,p2_,andre_spawn_4,0,5,highest,0,All Players,0,0,0,,,
941,andre_spawn_4,,,,,,,p4_,andre_spawn_5,0,5,highest,0,All Players,0,0,0,,,
942,andre_spawn_5,,,,,,,p3_,andre_spawn_6,0,5,highest,0,All Players,0,0,0,,,
943,andre_spawn_6,,,,,,,p2_,andre_spawn_7,0,5,highest,0,All Players,0,0,0,,,
944,andre_spawn_7,,,,,,,p3_,,0,5,highest,0,All Players,0,0,0,,,
945,pdex_spawn_1,,,,,,,p2_,pdex_spawn_2,0,5,highest,0,All Players,0,0,0,,,
946,pdex_spawn_2,,,,,,,p4_,pdex_spawn_3,0,5,highest,0,All Players,0,0,0,,,
947,pdex_spawn_3,,,,,,,p3_,pdex_spawn_4,0,5,highest,0,All Players,0,0,0,,,
948,pdex_spawn_4,,,,,,,p1_,pdex_spawn_5,0,5,highest,0,All Players,0,0,0,,,
949,pdex_spawn_5,,,,,,,p2_,pdex_spawn_6,0,5,highest,0,All Players,0,0,0,,,
950,pdex_spawn_6,,,,,,,p3_,,0,5,highest,0,All Players,0,0,0,,,
951,sally_spawn_alt_1,,,,,,,p1_,sally_spawn_alt_2,0,5,highest,0,All Players,0,0,0,,,
952,sally_spawn_alt_2,,,,,,,p3_,sally_spawn_alt_3,0,5,highest,0,All Players,0,0,0,,,
953,sally_spawn_alt_3,,,,,,,p4_,sally_spawn_alt_4,0,5,highest,0,All Players,0,0,0,,,
954,sally_spawn_alt_4,,,,,,,p2_,sally_spawn_alt_5,0,5,highest,0,All Players,0,0,0,,,
955,sally_spawn_alt_5,,,,,,,p4_,sally_spawn_alt_6,0,5,highest,0,All Players,0,0,0,,,
956,sally_spawn_alt_6,,,,,,,p1_,sally_spawn_alt_7,0,5,highest,0,All Players,0,0,0,,,
957,sally_spawn_alt_7,,,,,,,p3_,,0,5,highest,0,All Players,0,0,0,,,
958,aj_spawn_alt_1,,,,,,,p4_,aj_spawn_alt_2,0,5,highest,0,All Players,0,0,0,,,
959,aj_spawn_alt_2,,,,,,,p3_,aj_spawn_alt_3,0,5,highest,0,All Players,0,0,0,,,
960,aj_spawn_alt_3,,,,,,,p2_,aj_spawn_alt_4,0,5,highest,0,All Players,0,0,0,,,
961,aj_spawn_alt_4,,,,,,,p1_,aj_spawn_alt_5,0,5,highest,0,All Players,0,0,0,,,
962,aj_spawn_alt_5,,,,,,,p2_,aj_spawn_alt_6,0,5,highest,0,All Players,0,0,0,,,
963,aj_spawn_alt_6,,,,,,,p4_,aj_spawn_alt_7,0,5,highest,0,All Players,0,0,0,,,
964,aj_spawn_alt_7,,,,,,,p2_,aj_spawn_alt_8,0,5,highest,0,All Players,0,0,0,,,
965,aj_spawn_alt_8,,,,,,,p1_,aj_spawn_alt_9,0,5,highest,0,All Players,0,0,0,,,
966,aj_spawn_alt_9,,,,,,,p3_,aj_spawn_alt_10,0,5,highest,0,All Players,0,0,0,,,
967,aj_spawn_alt_10,,,,,,,p4_,,0,5,highest,0,All Players,0,0,0,,,
968,andre_spawn_alt_1,,,,,,,p3_,andre_spawn_alt_2,0,5,highest,0,All Players,0,0,0,,,
969,andre_spawn_alt_2,,,,,,,p1_,andre_spawn_alt_3,0,5,highest,0,All Players,0,0,0,,,
970,andre_spawn_alt_3,,,,,,,p4_,andre_spawn_alt_4,0,5,highest,0,All Players,0,0,0,,,
971,andre_spawn_alt_4,,,,,,,p2_,andre_spawn_alt_5,0,5,highest,0,All Players,0,0,0,,,
972,andre_spawn_alt_5,,,,,,,p1_,andre_spawn_alt_6,0,5,highest,0,All Players,0,0,0,,,
973,andre_spawn_alt_6,,,,,,,p3_,andre_spawn_alt_7,0,5,highest,0,All Players,0,0,0,,,
974,andre_spawn_alt_7,,,,,,,p1_,,0,5,highest,0,All Players,0,0,0,,,
975,andre_spawn_alt_7,,,,,,,,,0,5,highest,0,All Players,0,0,0,,,
976,andre_spawn_alt_7,,,,,,,,,0,5,highest,0,All Players,0,0,0,,,
977,pdex_spawn_alt_1,,,,,,,p2_,pdex_spawn_alt_2,0,5,highest,0,All Players,0,0,0,,,
978,pdex_spawn_alt_2,,,,,,,p3_,pdex_spawn_alt_3,0,5,highest,0,All Players,0,0,0,,,
979,pdex_spawn_alt_3,,,,,,,p4_,pdex_spawn_alt_4,0,5,highest,0,All Players,0,0,0,,,
980,pdex_spawn_alt_4,,,,,,,p1_,pdex_spawn_alt_5,0,5,highest,0,All Players,0,0,0,,,
981,pdex_spawn_alt_5,,,,,,,p4_,pdex_spawn_alt_6,0,5,highest,0,All Players,0,0,0,,,
982,pdex_spawn_alt_6,,,,,,,p1_,,0,5,highest,0,All Players,0,0,0,,,
983,sally_power_first_1,,,,,,,p1_,sally_power_first_2,0,5,highest,0,All Players,0,0,0,,,
984,sally_power_first_2,,,,,,,p3_,sally_power_first_3,0,5,highest,0,All Players,0,0,0,,,
985,sally_power_first_3,,,,,,,p2_,sally_power_first_4,0,5,highest,0,All Players,0,0,0,,,
986,sally_power_first_4,,,,,,,p4_,sally_power_first_5,0,5,highest,0,All Players,0,0,0,,,
987,sally_power_first_5,,,,,,,p3_,sally_power_first_6,0,5,highest,0,All Players,0,0,0,,,
988,sally_power_first_6,,,,,,,p1_,,0,5,highest,0,All Players,0,0,0,,,
989,aj_power_first_1,,,,,,,p4_,aj_power_first_2,0,5,highest,0,All Players,0,0,0,,,
990,aj_power_first_2,,,,,,,p1_,aj_power_first_3,0,5,highest,0,All Players,0,0,0,,,
991,aj_power_first_3,,,,,,,p4_,aj_power_first_4,0,5,highest,0,All Players,0,0,0,,,
992,aj_power_first_4,,,,,,,p3_,aj_power_first_5,0,5,highest,0,All Players,0,0,0,,,
993,aj_power_first_5,,,,,,,p4_,aj_power_first_6,0,5,highest,0,All Players,0,0,0,,,
994,aj_power_first_6,,,,,,,p2_,aj_power_first_7,0,5,highest,0,All Players,0,0,0,,,
995,aj_power_first_7,,,,,,,p1_,,0,5,highest,0,All Players,0,0,0,,,
996,andre_power_first_1,,,,,,,p3_,andre_power_first_2,0,5,highest,0,All Players,0,0,0,,,
997,andre_power_first_2,,,,,,,p4_,andre_power_first_3,0,5,highest,0,All Players,0,0,0,,,
998,andre_power_first_3,,,,,,,p3_,andre_power_first_4,0,5,highest,0,All Players,0,0,0,,,
999,andre_power_first_4,,,,,,,p4_,andre_power_first_5,0,5,highest,0,All Players,0,0,0,,,
1000,andre_power_first_5,,,,,,,p3_,andre_power_first_6,0,5,highest,0,All Players,0,0,0,,,
1001,andre_power_first_6,,,,,,,p2_,andre_power_first_7,0,5,highest,0,All Players,0,0,0,,,
1002,andre_power_first_7,,,,,,,p1_,,0,5,highest,0,All Players,0,0,0,,,
1003,pdex_power_first_1,,,,,,,p2_,pdex_power_first_2,0,5,highest,0,All Players,0,0,0,,,
1004,pdex_power_first_2,,,,,,,p1_,pdex_power_first_3,0,5,highest,0,All Players,0,0,0,,,
1005,pdex_power_first_3,,,,,,,p3_,pdex_power_first_4,0,5,highest,0,All Players,0,0,0,,,
1006,pdex_power_first_4,,,,,,,p2_,pdex_power_first_5,0,5,highest,0,All Players,0,0,0,,,
1007,pdex_power_first_5,,,,,,,p4_,pdex_power_first_6,0,5,highest,0,All Players,0,0,0,,,
1008,pdex_power_first_6,,,,,,,p2_,pdex_power_first_7,0,5,highest,0,All Players,0,0,0,,,
1009,pdex_power_first_7,,,,,,,p1_,,0,5,highest,0,All Players,0,0,0,,,
1010,sally_power_final_1,,,,,,,p1_,sally_power_final_2,0,5,highest,0,All Players,0,0,0,,,
1011,sally_power_final_2,,,,,,,p4_,sally_power_final_3,0,5,highest,0,All Players,0,0,0,,,
1012,sally_power_final_3,,,,,,,p3_,sally_power_final_4,0,5,highest,0,All Players,0,0,0,,,
1013,sally_power_final_4,,,,,,,p2_,sally_power_final_5,0,5,highest,0,All Players,0,0,0,,,
1014,sally_power_final_5,,,,,,,p1_,sally_power_final_6,0,5,highest,0,All Players,0,0,0,,,
1015,sally_power_final_6,,,,,,,p3_,sally_power_final_7,0,5,highest,0,All Players,0,0,0,,,
1016,sally_power_final_7,,,,,,,p4_,sally_power_final_8,0,5,highest,0,All Players,0,0,0,,,
1017,sally_power_final_8,,,,,,,p2_,,0,5,highest,0,All Players,0,0,0,,,
1018,aj_power_final_1,,,,,,,p4_,aj_power_final_2,0,5,highest,0,All Players,0,0,0,,,
1019,aj_power_final_2,,,,,,,p1_,aj_power_final_3,0,5,highest,0,All Players,0,0,0,,,
1020,aj_power_final_3,,,,,,,p2_,aj_power_final_4,0,5,highest,0,All Players,0,0,0,,,
1021,aj_power_final_4,,,,,,,p3_,aj_power_final_5,0,5,highest,0,All Players,0,0,0,,,
1022,aj_power_final_5,,,,,,,p4_,,0,5,highest,0,All Players,0,0,0,,,
1023,andre_power_final_1,,,,,,,p3_,andre_power_final_2,0,5,highest,0,All Players,0,0,0,,,
1024,andre_power_final_2,,,,,,,p4_,andre_power_final_3,0,5,highest,0,All Players,0,0,0,,,
1025,andre_power_final_3,,,,,,,p1_,andre_power_final_4,0,5,highest,0,All Players,0,0,0,,,
1026,andre_power_final_4,,,,,,,p2_,andre_power_final_5,0,5,highest,0,All Players,0,0,0,,,
1027,andre_power_final_5,,,,,,,p3_,andre_power_final_6,0,5,highest,0,All Players,0,0,0,,,
1028,andre_power_final_6,,,,,,,p1_,andre_power_final_7,0,5,highest,0,All Players,0,0,0,,,
1029,andre_power_final_7,,,,,,,p4_,andre_power_final_8,0,5,highest,0,All Players,0,0,0,,,
1030,andre_power_final_8,,,,,,,p3_,,0,5,highest,0,All Players,0,0,0,,,
1031,pdex_power_final_1,,,,,,,p2_,pdex_power_final_2,0,5,highest,0,All Players,0,0,0,,,
1032,pdex_power_final_2,,,,,,,p4_,pdex_power_final_3,0,5,highest,0,All Players,0,0,0,,,
1033,pdex_power_final_3,,,,,,,p3_,pdex_power_final_4,0,5,highest,0,All Players,0,0,0,,,
1034,pdex_power_final_4,,,,,,,p1_,pdex_power_final_5,0,5,highest,0,All Players,0,0,0,,,
1035,pdex_power_final_5,,,,,,,p2_,pdex_power_final_6,0,5,highest,0,All Players,0,0,0,,,
1036,pdex_power_final_6,,,,,,,p4_,pdex_power_final_7,0,5,highest,0,All Players,0,0,0,,,
1037,pdex_power_final_7,,,,,,,p4_,pdex_power_final_8,0,5,highest,0,All Players,0,0,0,,,
1038,pdex_power_final_8,,,,,,,p3_,,0,5,highest,0,All Players,0,0,0,,,
1038,sally_pap_1,,,,,,,p1_,sally_pap_2,0,5,highest,0,All Players,0,0,0,,,
1038,sally_pap_2,,,,,,,p3_,sally_pap_3,0,5,highest,0,All Players,0,0,0,,,
1038,sally_pap_3,,,,,,,p4_,sally_pap_4,0,5,highest,0,All Players,0,0,0,,,
1038,sally_pap_4,,,,,,,p1_,sally_pap_5,0,5,highest,0,All Players,0,0,0,,,
1038,sally_pap_5,,,,,,,p2_,sally_pap_6,0,5,highest,0,All Players,0,0,0,,,
1038,sally_pap_6,,,,,,,p1_,sally_pap_7,0,5,highest,0,All Players,0,0,0,,,
1038,sally_pap_7,,,,,,,p4_,,0,5,highest,0,All Players,0,0,0,,,
1038,aj_pap_1,,,,,,,p4_,aj_pap_2,0,5,highest,0,All Players,0,0,0,,,
1038,aj_pap_2,,,,,,,p1_,aj_pap_3,0,5,highest,0,All Players,0,0,0,,,
1038,aj_pap_3,,,,,,,p2_,aj_pap_4,0,5,highest,0,All Players,0,0,0,,,
1038,aj_pap_4,,,,,,,p3_,aj_pap_5,0,5,highest,0,All Players,0,0,0,,,
1038,aj_pap_5,,,,,,,p4_,aj_pap_6,0,5,highest,0,All Players,0,0,0,,,
1038,aj_pap_6,,,,,,,p1_,,0,5,highest,0,All Players,0,0,0,,,
1038,andre_pap_1,,,,,,,p3_,andre_pap_2,0,5,highest,0,All Players,0,0,0,,,
1038,andre_pap_2,,,,,,,p2_,andre_pap_3,0,5,highest,0,All Players,0,0,0,,,
1038,andre_pap_3,,,,,,,p4_,andre_pap_4,0,5,highest,0,All Players,0,0,0,,,
1038,andre_pap_4,,,,,,,p1_,andre_pap_5,0,5,highest,0,All Players,0,0,0,,,
1038,andre_pap_5,,,,,,,p3_,andre_pap_6,0,5,highest,0,All Players,0,0,0,,,
1038,andre_pap_6,,,,,,,p2_,andre_pap_7,0,5,highest,0,All Players,0,0,0,,,
1038,andre_pap_7,,,,,,,p4_,,0,5,highest,0,All Players,0,0,0,,,
1038,pdex_pap_1,,,,,,,p2_,pdex_pap_2,0,5,highest,0,All Players,0,0,0,,,
1038,pdex_pap_2,,,,,,,p1_,pdex_pap_3,0,5,highest,0,All Players,0,0,0,,,
1038,pdex_pap_3,,,,,,,p4_,pdex_pap_4,0,5,highest,0,All Players,0,0,0,,,
1038,pdex_pap_4,,,,,,,p3_,pdex_pap_5,0,5,highest,0,All Players,0,0,0,,,
1038,pdex_pap_5,,,,,,,p1_,pdex_pap_6,0,5,highest,0,All Players,0,0,0,,,
1038,pdex_pap_6,,,,,,,p2_,pdex_pap_7,0,5,highest,0,All Players,0,0,0,,,
1038,pdex_pap_7,,,,,,,p4_,pdex_pap_8,0,5,highest,0,All Players,0,0,0,,,
1038,pdex_pap_8,,,,,,,p1_,,0,5,highest,0,All Players,0,0,0,,,
1039,sally_end_round_16-20_1,,,,,,,p1_,sally_end_round_16-20_2,0,5,highest,0,All Players,0,0,0,,,
1040,sally_end_round_16-20_2,,,,,,,p2_,sally_end_round_16-20_3,0,5,highest,0,All Players,0,0,0,,,
1041,sally_end_round_16-20_3,,,,,,,p4_,sally_end_round_16-20_4,0,5,highest,0,All Players,0,0,0,,,
1042,sally_end_round_16-20_4,,,,,,,p3_,sally_end_round_16-20_5,0,5,highest,0,All Players,0,0,0,,,
1043,sally_end_round_16-20_5,,,,,,,p2_,sally_end_round_16-20_6,0,5,highest,0,All Players,0,0,0,,,
1044,sally_end_round_16-20_6,,,,,,,p1_,,0,5,highest,0,All Players,0,0,0,,,
1045,aj_end_round_16-20_1,,,,,,,p1_,aj_end_round_16-20_2,0,5,highest,0,All Players,0,0,0,,,
1046,aj_end_round_16-20_2,,,,,,,p2_,aj_end_round_16-20_3,0,5,highest,0,All Players,0,0,0,,,
1047,aj_end_round_16-20_3,,,,,,,p3_,aj_end_round_16-20_4,0,5,highest,0,All Players,0,0,0,,,
1048,aj_end_round_16-20_4,,,,,,,p4_,aj_end_round_16-20_5,0,5,highest,0,All Players,0,0,0,,,
1049,aj_end_round_16-20_5,,,,,,,p3_,aj_end_round_16-20_6,0,5,highest,0,All Players,0,0,0,,,
1050,aj_end_round_16-20_6,,,,,,,p4_,,0,5,highest,0,All Players,0,0,0,,,
1051,andre_end_round_16-20_1,,,,,,,p3_,andre_end_round_16-20_2,0,5,highest,0,All Players,0,0,0,,,
1052,andre_end_round_16-20_2,,,,,,,p1_,andre_end_round_16-20_3,0,5,highest,0,All Players,0,0,0,,,
1053,andre_end_round_16-20_3,,,,,,,p3_,andre_end_round_16-20_4,0,5,highest,0,All Players,0,0,0,,,
1054,andre_end_round_16-20_4,,,,,,,p4_,andre_end_round_16-20_5,0,5,highest,0,All Players,0,0,0,,,
1055,andre_end_round_16-20_5,,,,,,,p1_,andre_end_round_16-20_6,0,5,highest,0,All Players,0,0,0,,,
1056,andre_end_round_16-20_6,,,,,,,p2_,,0,5,highest,0,All Players,0,0,0,,,
1057,pdex_end_round_16-20_1,,,,,,,p2_,pdex_end_round_16-20_2,0,5,highest,0,All Players,0,0,0,,,
1058,pdex_end_round_16-20_2,,,,,,,p1_,pdex_end_round_16-20_3,0,5,highest,0,All Players,0,0,0,,,
1059,pdex_end_round_16-20_3,,,,,,,p3_,pdex_end_round_16-20_4,0,5,highest,0,All Players,0,0,0,,,
1060,pdex_end_round_16-20_4,,,,,,,p4_,pdex_end_round_16-20_5,0,5,highest,0,All Players,0,0,0,,,
1061,pdex_end_round_16-20_5,,,,,,,p3_,,0,5,highest,0,All Players,0,0,0,,,
1062,sally_end_round_8-12_1,,,,,,,p1_,sally_end_round_8-12_2,0,5,highest,0,All Players,0,0,0,,,
1063,sally_end_round_8-12_2,,,,,,,p4_,sally_end_round_8-12_3,0,5,highest,0,All Players,0,0,0,,,
1064,sally_end_round_8-12_3,,,,,,,p1_,sally_end_round_8-12_4,0,5,highest,0,All Players,0,0,0,,,
1065,sally_end_round_8-12_4,,,,,,,p3_,sally_end_round_8-12_5,0,5,highest,0,All Players,0,0,0,,,
1066,sally_end_round_8-12_5,,,,,,,p2_,sally_end_round_8-12_6,0,5,highest,0,All Players,0,0,0,,,
1067,sally_end_round_8-12_6,,,,,,,p1_,,0,5,highest,0,All Players,0,0,0,,,
1068,aj_end_round_8-12_1,,,,,,,p4_,aj_end_round_8-12_2,0,5,highest,0,All Players,0,0,0,,,
1069,aj_end_round_8-12_2,,,,,,,p3_,aj_end_round_8-12_3,0,5,highest,0,All Players,0,0,0,,,
1070,aj_end_round_8-12_3,,,,,,,p2_,aj_end_round_8-12_4,0,5,highest,0,All Players,0,0,0,,,
1071,aj_end_round_8-12_4,,,,,,,p1_,aj_end_round_8-12_5,0,5,highest,0,All Players,0,0,0,,,
1072,aj_end_round_8-12_5,,,,,,,p4_,,0,5,highest,0,All Players,0,0,0,,,
1073,andre_end_round_8-12_1,,,,,,,p3_,andre_end_round_8-12_2,0,5,highest,0,All Players,0,0,0,,,
1074,andre_end_round_8-12_2,,,,,,,p2_,andre_end_round_8-12_3,0,5,highest,0,All Players,0,0,0,,,
1075,andre_end_round_8-12_3,,,,,,,p1_,andre_end_round_8-12_4,0,5,highest,0,All Players,0,0,0,,,
1076,andre_end_round_8-12_4,,,,,,,p4_,andre_end_round_8-12_5,0,5,highest,0,All Players,0,0,0,,,
1077,andre_end_round_8-12_5,,,,,,,p3_,andre_end_round_8-12_6,0,5,highest,0,All Players,0,0,0,,,
1078,andre_end_round_8-12_6,,,,,,,p1_,andre_end_round_8-12_7,0,5,highest,0,All Players,0,0,0,,,
1079,andre_end_round_8-12_7,,,,,,,p2_,andre_end_round_8-12_8,0,5,highest,0,All Players,0,0,0,,,
1080,andre_end_round_8-12_8,,,,,,,p3_,,0,5,highest,0,All Players,0,0,0,,,
1081,pdex_end_round_8-12_1,,,,,,,p2_,pdex_end_round_8-12_2,0,5,highest,0,All Players,0,0,0,,,
1082,pdex_end_round_8-12_2,,,,,,,p3_,pdex_end_round_8-12_3,0,5,highest,0,All Players,0,0,0,,,
1083,pdex_end_round_8-12_3,,,,,,,p4_,pdex_end_round_8-12_4,0,5,highest,0,All Players,0,0,0,,,
1084,pdex_end_round_8-12_4,,,,,,,p1_,pdex_end_round_8-12_5,0,5,highest,0,All Players,0,0,0,,,
1085,pdex_end_round_8-12_5,,,,,,,p2_,pdex_end_round_8-12_6,0,5,highest,0,All Players,0,0,0,,,
1086,pdex_end_round_8-12_6,,,,,,,p1_,pdex_end_round_8-12_7,0,5,highest,0,All Players,0,0,0,,,
1087,pdex_end_round_8-12_7,,,,,,,p2_,,0,5,highest,0,All Players,0,0,0,,,
1088,sally_will_pam_fight_1,,,,,,,p1_,sally_will_pam_fight_2,0,5,highest,0,All Players,0,0,0,,,
1089,sally_will_pam_fight_2,,,,,,,p3_,sally_will_pam_fight_3,0,5,highest,0,All Players,0,0,0,,,
1090,sally_will_pam_fight_3,,,,,,,p1_,sally_will_pam_fight_4,0,5,highest,0,All Players,0,0,0,,,
1091,sally_will_pam_fight_4,,,,,,,p2_,sally_will_pam_fight_5,0,5,highest,0,All Players,0,0,0,,,
1092,sally_will_pam_fight_5,,,,,,,p3_,sally_will_pam_fight_6,0,5,highest,0,All Players,0,0,0,,,
1093,sally_will_pam_fight_6,,,,,,,p2_,sally_will_pam_fight_7,0,5,highest,0,All Players,0,0,0,,,
1094,sally_will_pam_fight_7,,,,,,,p1_,sally_will_pam_fight_8,0,5,highest,0,All Players,0,0,0,,,
1095,sally_will_pam_fight_8,,,,,,,p3_,sally_will_pam_fight_9,0,5,highest,0,All Players,0,0,0,,,
1096,sally_will_pam_fight_9,,,,,,,p2_,sally_will_pam_fight_10,0,5,highest,0,All Players,0,0,0,,,
1097,sally_will_pam_fight_10,,,,,,,p3_,sally_will_pam_fight_11,0,5,highest,0,All Players,0,0,0,,,
1098,sally_will_pam_fight_11,,,,,,,p4_,sally_will_pam_fight_12,0,5,highest,0,All Players,0,0,0,,,
1099,sally_will_pam_fight_12,,,,,,,p1_,,0,5,highest,0,All Players,0,0,0,,,
1100,aj_will_pam_fight_1,,,,,,,p4_,aj_will_pam_fight_2,0,5,highest,0,All Players,0,0,0,,,
1101,aj_will_pam_fight_2,,,,,,,p1_,aj_will_pam_fight_3,0,5,highest,0,All Players,0,0,0,,,
1102,aj_will_pam_fight_3,,,,,,,p4_,aj_will_pam_fight_4,0,5,highest,0,All Players,0,0,0,,,
1103,aj_will_pam_fight_4,,,,,,,p2_,aj_will_pam_fight_5,0,5,highest,0,All Players,0,0,0,,,
1104,aj_will_pam_fight_5,,,,,,,p3_,aj_will_pam_fight_6,0,5,highest,0,All Players,0,0,0,,,
1105,aj_will_pam_fight_6,,,,,,,p2_,aj_will_pam_fight_7,0,5,highest,0,All Players,0,0,0,,,
1106,aj_will_pam_fight_7,,,,,,,p1_,aj_will_pam_fight_8,0,5,highest,0,All Players,0,0,0,,,
1107,aj_will_pam_fight_8,,,,,,,p3_,aj_will_pam_fight_9,0,5,highest,0,All Players,0,0,0,,,
1108,aj_will_pam_fight_9,,,,,,,p4_,aj_will_pam_fight_10,0,5,highest,0,All Players,0,0,0,,,
1109,aj_will_pam_fight_10,,,,,,,p2_,aj_will_pam_fight_11,0,5,highest,0,All Players,0,0,0,,,
1110,aj_will_pam_fight_11,,,,,,,p4_,aj_will_pam_fight_12,0,5,highest,0,All Players,0,0,0,,,
1111,aj_will_pam_fight_12,,,,,,,p1_,,0,5,highest,0,All Players,0,0,0,,,
1112,andre_will_pam_fight_1,,,,,,,p3_,andre_will_pam_fight_2,0,5,highest,0,All Players,0,0,0,,,
1113,andre_will_pam_fight_2,,,,,,,p1_,andre_will_pam_fight_3,0,5,highest,0,All Players,0,0,0,,,
1114,andre_will_pam_fight_3,,,,,,,p4_,andre_will_pam_fight_4,0,5,highest,0,All Players,0,0,0,,,
1115,andre_will_pam_fight_4,,,,,,,p2_,andre_will_pam_fight_5,0,5,highest,0,All Players,0,0,0,,,
1116,andre_will_pam_fight_5,,,,,,,p4_,andre_will_pam_fight_6,0,5,highest,0,All Players,0,0,0,,,
1117,andre_will_pam_fight_6,,,,,,,p3_,andre_will_pam_fight_7,0,5,highest,0,All Players,0,0,0,,,
1118,andre_will_pam_fight_7,,,,,,,p2_,andre_will_pam_fight_8,0,5,highest,0,All Players,0,0,0,,,
1119,andre_will_pam_fight_8,,,,,,,p1_,andre_will_pam_fight_9,0,5,highest,0,All Players,0,0,0,,,
1120,andre_will_pam_fight_9,,,,,,,p2_,,0,5,highest,0,All Players,0,0,0,,,
1121,pdex_will_pam_fight_1,,,,,,,p2_,pdex_will_pam_fight_2,0,5,highest,0,All Players,0,0,0,,,
1122,pdex_will_pam_fight_2,,,,,,,p3_,pdex_will_pam_fight_3,0,5,highest,0,All Players,0,0,0,,,
1123,pdex_will_pam_fight_3,,,,,,,p2_,pdex_will_pam_fight_4,0,5,highest,0,All Players,0,0,0,,,
1124,pdex_will_pam_fight_4,,,,,,,p1_,pdex_will_pam_fight_5,0,5,highest,0,All Players,0,0,0,,,
1125,pdex_will_pam_fight_5,,,,,,,p3_,pdex_will_pam_fight_6,0,5,highest,0,All Players,0,0,0,,,
1126,pdex_will_pam_fight_6,,,,,,,p4_,pdex_will_pam_fight_7,0,5,highest,0,All Players,0,0,0,,,
1127,pdex_will_pam_fight_7,,,,,,,p2_,pdex_will_pam_fight_8,0,5,highest,0,All Players,0,0,0,,,
1128,pdex_will_pam_fight_8,,,,,,,p4_,pdex_will_pam_fight_9,0,5,highest,0,All Players,0,0,0,,,
1129,pdex_will_pam_fight_9,,,,,,,p2_,pdex_will_pam_fight_10,0,5,highest,0,All Players,0,0,0,,,
1130,pdex_will_pam_fight_10,,,,,,,p3_,,0,5,highest,0,All Players,0,0,0,,,
1131,sally_willard_bio_1_1,,,,,,,p1_,sally_willard_bio_1_2,0,5,highest,0,All Players,0,0,0,,,
1132,sally_willard_bio_1_2,,,,,,,p2_,sally_willard_bio_1_3,0,5,highest,0,All Players,0,0,0,,,
1133,sally_willard_bio_1_3,,,,,,,p1_,sally_willard_bio_1_4,0,5,highest,0,All Players,0,0,0,,,
1134,sally_willard_bio_1_4,,,,,,,p3_,sally_willard_bio_1_5,0,5,highest,0,All Players,0,0,0,,,
1135,sally_willard_bio_1_5,,,,,,,p1_,sally_willard_bio_1_6,0,5,highest,0,All Players,0,0,0,,,
1136,sally_willard_bio_1_6,,,,,,,p2_,sally_willard_bio_1_7,0,5,highest,0,All Players,0,0,0,,,
1137,sally_willard_bio_1_7,,,,,,,p4_,sally_willard_bio_1_8,0,5,highest,0,All Players,0,0,0,,,
1138,sally_willard_bio_1_8,,,,,,,p1_,sally_willard_bio_1_9,0,5,highest,0,All Players,0,0,0,,,
1139,sally_willard_bio_1_9,,,,,,,p2_,sally_willard_bio_1_10,0,5,highest,0,All Players,0,0,0,,,
1140,sally_willard_bio_1_10,,,,,,,p3_,,0,5,highest,0,All Players,0,0,0,,,
1141,pdex_willard_bio_1_1,,,,,,,p2_,pdex_willard_bio_1_2,0,5,highest,0,All Players,0,0,0,,,
1142,pdex_willard_bio_1_2,,,,,,,p1_,pdex_willard_bio_1_3,0,5,highest,0,All Players,0,0,0,,,
1143,pdex_willard_bio_1_3,,,,,,,p2_,pdex_willard_bio_1_4,0,5,highest,0,All Players,0,0,0,,,
1144,pdex_willard_bio_1_4,,,,,,,p4_,pdex_willard_bio_1_5,0,5,highest,0,All Players,0,0,0,,,
1145,pdex_willard_bio_1_5,,,,,,,p2_,pdex_willard_bio_1_6,0,5,highest,0,All Players,0,0,0,,,
1146,pdex_willard_bio_1_6,,,,,,,p4_,pdex_willard_bio_1_7,0,5,highest,0,All Players,0,0,0,,,
1147,pdex_willard_bio_1_7,,,,,,,p2_,pdex_willard_bio_1_8,0,5,highest,0,All Players,0,0,0,,,
1148,pdex_willard_bio_1_8,,,,,,,p3_,,0,5,highest,0,All Players,0,0,0,,,
1149,andre_willard_bio_1_1,,,,,,,p3_,andre_willard_bio_1_2,0,5,highest,0,All Players,0,0,0,,,
1150,andre_willard_bio_1_2,,,,,,,p4_,andre_willard_bio_1_3,0,5,highest,0,All Players,0,0,0,,,
1151,andre_willard_bio_1_3,,,,,,,p3_,andre_willard_bio_1_4,0,5,highest,0,All Players,0,0,0,,,
1152,andre_willard_bio_1_4,,,,,,,p2_,andre_willard_bio_1_5,0,5,highest,0,All Players,0,0,0,,,
1153,andre_willard_bio_1_5,,,,,,,p1_,andre_willard_bio_1_6,0,5,highest,0,All Players,0,0,0,,,
1154,andre_willard_bio_1_6,,,,,,,p3_,andre_willard_bio_1_7,0,5,highest,0,All Players,0,0,0,,,
1155,andre_willard_bio_1_7,,,,,,,p2_,andre_willard_bio_1_8,0,5,highest,0,All Players,0,0,0,,,
1156,andre_willard_bio_1_8,,,,,,,p4_,,0,5,highest,0,All Players,0,0,0,,,
1157,aj_willard_bio_1_1,,,,,,,p4_,aj_willard_bio_1_2,0,5,highest,0,All Players,0,0,0,,,
1158,aj_willard_bio_1_2,,,,,,,p3_,aj_willard_bio_1_3,0,5,highest,0,All Players,0,0,0,,,
1159,aj_willard_bio_1_3,,,,,,,p4_,aj_willard_bio_1_4,0,5,highest,0,All Players,0,0,0,,,
1160,aj_willard_bio_1_4,,,,,,,p1_,aj_willard_bio_1_5,0,5,highest,0,All Players,0,0,0,,,
1161,aj_willard_bio_1_5,,,,,,,p4_,aj_willard_bio_1_6,0,5,highest,0,All Players,0,0,0,,,
1162,aj_willard_bio_1_6,,,,,,,p2_,aj_willard_bio_1_7,0,5,highest,0,All Players,0,0,0,,,
1163,aj_willard_bio_1_7,,,,,,,p3_,aj_willard_bio_1_8,0,5,highest,0,All Players,0,0,0,,,
1164,aj_willard_bio_1_8,,,,,,,p1_,,0,5,highest,0,All Players,0,0,0,,,
1165,sally_willard_bio_2_1,,,,,,,p1_,sally_willard_bio_2_2,0,5,highest,0,All Players,0,0,0,,,
1166,sally_willard_bio_2_2,,,,,,,p3_,sally_willard_bio_2_3,0,5,highest,0,All Players,0,0,0,,,
1167,sally_willard_bio_2_3,,,,,,,p1_,sally_willard_bio_2_4,0,5,highest,0,All Players,0,0,0,,,
1168,sally_willard_bio_2_4,,,,,,,p4_,sally_willard_bio_2_5,0,5,highest,0,All Players,0,0,0,,,
1169,sally_willard_bio_2_5,,,,,,,p2_,sally_willard_bio_2_6,0,5,highest,0,All Players,0,0,0,,,
1170,sally_willard_bio_2_6,,,,,,,p1_,sally_willard_bio_2_7,0,5,highest,0,All Players,0,0,0,,,
1171,sally_willard_bio_2_7,,,,,,,p3_,,0,5,highest,0,All Players,0,0,0,,,
1172,pdex_willard_bio_2_1,,,,,,,p2_,pdex_willard_bio_2_2,0,5,highest,0,All Players,0,0,0,,,
1173,pdex_willard_bio_2_2,,,,,,,p1_,pdex_willard_bio_2_3,0,5,highest,0,All Players,0,0,0,,,
1174,pdex_willard_bio_2_3,,,,,,,p2_,pdex_willard_bio_2_4,0,5,highest,0,All Players,0,0,0,,,
1175,pdex_willard_bio_2_4,,,,,,,p3_,pdex_willard_bio_2_5,0,5,highest,0,All Players,0,0,0,,,
1176,pdex_willard_bio_2_5,,,,,,,p4_,pdex_willard_bio_2_6,0,5,highest,0,All Players,0,0,0,,,
1177,pdex_willard_bio_2_6,,,,,,,p2_,,0,5,highest,0,All Players,0,0,0,,,
1178,andre_willard_bio_2_1,,,,,,,p3_,andre_willard_bio_2_2,0,5,highest,0,All Players,0,0,0,,,
1179,andre_willard_bio_2_2,,,,,,,p1_,andre_willard_bio_2_3,0,5,highest,0,All Players,0,0,0,,,
1180,andre_willard_bio_2_3,,,,,,,p3_,andre_willard_bio_2_4,0,5,highest,0,All Players,0,0,0,,,
1181,andre_willard_bio_2_4,,,,,,,p4_,andre_willard_bio_2_5,0,5,highest,0,All Players,0,0,0,,,
1182,andre_willard_bio_2_5,,,,,,,p2_,andre_willard_bio_2_6,0,5,highest,0,All Players,0,0,0,,,
1183,andre_willard_bio_2_6,,,,,,,p3_,andre_willard_bio_2_7,0,5,highest,0,All Players,0,0,0,,,
1184,andre_willard_bio_2_7,,,,,,,p4_,,0,5,highest,0,All Players,0,0,0,,,
1185,aj_willard_bio_2_1,,,,,,,p4_,aj_willard_bio_2_2,0,5,highest,0,All Players,0,0,0,,,
1186,aj_willard_bio_2_2,,,,,,,p1_,aj_willard_bio_2_3,0,5,highest,0,All Players,0,0,0,,,
1187,aj_willard_bio_2_3,,,,,,,p4_,aj_willard_bio_2_4,0,5,highest,0,All Players,0,0,0,,,
1188,aj_willard_bio_2_4,,,,,,,p2_,aj_willard_bio_2_5,0,5,highest,0,All Players,0,0,0,,,
1189,aj_willard_bio_2_5,,,,,,,p4_,aj_willard_bio_2_6,0,5,highest,0,All Players,0,0,0,,,
1190,aj_willard_bio_2_6,,,,,,,p1_,,0,5,highest,0,All Players,0,0,0,,,
1191,sally_willard_bio_3_1,,,,,,,p1_,sally_willard_bio_3_2,0,5,highest,0,All Players,0,0,0,,,
1192,sally_willard_bio_3_2,,,,,,,p2_,sally_willard_bio_3_3,0,5,highest,0,All Players,0,0,0,,,
1193,sally_willard_bio_3_3,,,,,,,p1_,sally_willard_bio_3_4,0,5,highest,0,All Players,0,0,0,,,
1194,sally_willard_bio_3_4,,,,,,,p4_,sally_willard_bio_3_5,0,5,highest,0,All Players,0,0,0,,,
1195,sally_willard_bio_3_5,,,,,,,p3_,sally_willard_bio_3_6,0,5,highest,0,All Players,0,0,0,,,
1196,sally_willard_bio_3_6,,,,,,,p1_,,0,5,highest,0,All Players,0,0,0,,,
1197,pdex_willard_bio_3_1,,,,,,,p2_,pdex_willard_bio_3_2,0,5,highest,0,All Players,0,0,0,,,
1198,pdex_willard_bio_3_2,,,,,,,p3_,pdex_willard_bio_3_3,0,5,highest,0,All Players,0,0,0,,,
1199,pdex_willard_bio_3_3,,,,,,,p2_,pdex_willard_bio_3_4,0,5,highest,0,All Players,0,0,0,,,
1200,pdex_willard_bio_3_4,,,,,,,p1_,pdex_willard_bio_3_5,0,5,highest,0,All Players,0,0,0,,,
1201,pdex_willard_bio_3_5,,,,,,,p4_,pdex_willard_bio_3_6,0,5,highest,0,All Players,0,0,0,,,
1202,pdex_willard_bio_3_6,,,,,,,p2_,,0,5,highest,0,All Players,0,0,0,,,
1203,andre_willard_bio_3_1,,,,,,,p3_,andre_willard_bio_3_2,0,5,highest,0,All Players,0,0,0,,,
1204,andre_willard_bio_3_2,,,,,,,p1_,andre_willard_bio_3_3,0,5,highest,0,All Players,0,0,0,,,
1205,andre_willard_bio_3_3,,,,,,,p3_,andre_willard_bio_3_4,0,5,highest,0,All Players,0,0,0,,,
1206,andre_willard_bio_3_4,,,,,,,p4_,andre_willard_bio_3_5,0,5,highest,0,All Players,0,0,0,,,
1207,andre_willard_bio_3_5,,,,,,,p2_,andre_willard_bio_3_6,0,5,highest,0,All Players,0,0,0,,,
1208,andre_willard_bio_3_6,,,,,,,p3_,,0,5,highest,0,All Players,0,0,0,,,
1209,aj_willard_bio_3_1,,,,,,,p4_,aj_willard_bio_3_2,0,5,highest,0,All Players,0,0,0,,,
1210,aj_willard_bio_3_2,,,,,,,p1_,aj_willard_bio_3_3,0,5,highest,0,All Players,0,0,0,,,
1211,aj_willard_bio_3_3,,,,,,,p4_,aj_willard_bio_3_4,0,5,highest,0,All Players,0,0,0,,,
1212,aj_willard_bio_3_4,,,,,,,p2_,aj_willard_bio_3_5,0,5,highest,0,All Players,0,0,0,,,
1213,aj_willard_bio_3_5,,,,,,,p3_,,0,5,highest,0,All Players,0,0,0,,,
1214,pam_rank_snake_1,,100,,,,,,,1,20,highest,0,All Players,0,0,0,,,
1215,pam_rank_crane_1,,100,,,,,,,1,20,highest,0,All Players,0,0,0,,,
1216,pam_rank_tiger_1,,100,,,,,,,1,20,highest,0,All Players,0,0,0,,,
1217,pam_rank_dragon_1,,100,,,,,,,1,20,highest,0,All Players,0,0,0,,,
1218,pam_rank_snake_2,,100,,,,,,,1,20,highest,0,All Players,0,0,0,,,
1219,pam_rank_crane_2,,100,,,,,,,1,20,highest,0,All Players,0,0,0,,,
1220,pam_rank_tiger_2,,100,,,,,,,1,20,highest,0,All Players,0,0,0,,,
1221,pam_rank_dragon_2,,100,,,,,,,1,20,highest,0,All Players,0,0,0,,,
1222,pam_rank_snake_3,,100,,,,,,,1,20,highest,0,All Players,0,0,0,,,
1223,pam_rank_crane_3,,100,,,,,,,1,20,highest,0,All Players,0,0,0,,,
1224,pam_rank_tiger_3,,100,,,,,,,1,20,highest,0,All Players,0,0,0,,,
1225,pam_rank_dragon_3,,100,,,,,,,1,20,highest,0,All Players,0,0,0,,,
1226,pam_rank_all_max,,100,,,,,,,1,20,highest,0,All Players,0,0,0,,,
1227,pam_quest_ratking_eye,,100,,,,,,,1,10,highest,0,All Players,0,0,0,,,
1228,pam_quest_ratking_eye_return,,100,,,,,,,1,10,highest,0,All Players,0,0,0,,,
1229,pam_quest_ratking_brain,,100,,,,,,,1,10,highest,0,All Players,0,0,0,,,
1230,pam_quest_ratking_brain_return,,100,,,,,,,1,10,highest,0,All Players,0,0,0,,,
1231,pam_quest_ratking_heart,,100,,,,,,,1,10,highest,0,All Players,0,0,0,,,
1232,pam_quest_ratking_heart_return,,100,,,,,,,1,10,highest,0,All Players,0,0,0,,,
1233,injured_pain_ratking1,200,50,,,,,,,1,10,medium,0,All Players,0,0,0,,,
1234,injured_pain_ratking2,200,50,,,,,,,1,10,medium,0,All Players,0,0,0,,,
1235,injured_pain_ratking3,200,50,,,,,,,1,10,medium,0,All Players,0,0,0,,,
1236,pam_quest_return_none,,100,,,,,,,1,5,highest,0,All Players,0,0,0,,,
1237,nag_puzzle,500,100,,nag,,,,,1,5,medium,0,All Players,0,0,0,,,
1238,collect_puzzle,120,70,,,,,,,1,5,medium,0,All Players,0,0,0,,,
1239,place_puzzle,120,70,,,,,,,1,5,medium,0,All Players,0,0,0,,,
1240,puzzle_craft_success,120,70,,,,,,,1,5,medium,0,All Players,0,0,0,,,
1241,purchase_area_misc,15,100,,door_purchase,,,,,1,5,low,4,All Players,0,0,0,,,
1242,pg_final_rat_king_1,,100,1,,,,,,1,5,highest,0,All Players,0,0,0,,,
1243,final_rat_king_2,,100,1,,,,,,1,5,highest,0,All Players,0,0,0,,,
1244,final_rat_king_3,,100,1,,,,,,1,5,highest,0,All Players,0,0,0,,,
1245,final_rat_king_4,,100,1,,,,,,1,5,highest,0,All Players,0,0,0,,,
1246,final_rat_king_5,,100,1,,,,,,1,5,highest,0,All Players,0,0,0,,,
1247,pam_return_nothing,,50,,,,,,,1,5,highest,0,All Players,0,0,0,,,
1248,song_quest_start,,,1,,,,,,0,5,highest,0,All Players,0,0,0,,,
1249,song_quest_success,,,1,,,,,,0,5,highest,0,All Players,0,0,0,,,
1250,meet_pam_first,,100,1,,,,,,1,20,highest,0,All Players,0,0,0,,,
1251,pam_instuctions_rat_eye,,100,1,,,,,,0,25,highest,0,All Players,0,0,0,,,
1252,ratking_first,,100,1,,,,,,0,5,highest,0,All Players,0,0,0,,,
1253,pam_instuctions_rat_heart,,100,1,,,,,,0,25,highest,0,All Players,0,0,0,,,
1254,pam_return_rat_heart,,100,1,,,,,,0,5,highest,0,All Players,0,0,0,,,
1255,ratking_heart,,100,1,,,,,,0,5,highest,0,All Players,0,0,0,,,sally_rat_king_2_1
1256,pam_instuctions_rat_brain,,100,1,,,,,,0,25,highest,0,All Players,0,0,0,,,sally_rat_king_3_1
1257,pam_return_rat_brain,,100,1,,,,,,0,5,highest,0,All Players,0,0,0,,,pg_final_rat_king_1
1258,ratking_brain,,100,1,,,,,,0,5,highest,0,All Players,0,0,0,,,
1259,ratking_finalbattle,,100,1,,,,,,0,5,highest,0,All Players,0,0,0,,,
1260,pam_players,,100,1,,,,,,1,5,highest,0,All Players,0,0,0,,,
1261,pam_players_3,,100,1,,,,,,1,5,highest,0,All Players,0,0,0,,,
1262,pam_players_4,,100,1,,,,,,1,5,highest,0,All Players,0,0,0,,,
1263,missing_item_misc,240,70,,,,,,,1,5,highest,0,All Players,0,0,0,,,
1264,access_ghostnskulls,,100,1,,,,,,1,20,highest,1,All Players,0,0,0,,,
1265,soul_key_1,,100,,,,,p1_,soul_key_2,0,5,highest,0,All Players,0,0,0,,,
1266,soul_key_2,,100,,,,,p4_,soul_key_3,0,5,highest,0,All Players,0,0,0,,,
1267,soul_key_3,,100,,,,,p3_,soul_key_4,0,5,highest,0,All Players,0,0,0,,,
1268,soul_key_4,,100,,,,,p4_,soul_key_5,0,5,highest,0,All Players,0,0,0,,,
1269,soul_key_5,,100,,,,,p2_,soul_key_6,0,5,highest,0,All Players,0,0,0,,,
1270,soul_key_6,,100,,,,,p1_,,0,5,highest,0,All Players,0,0,0,,,
1271,sally_rat_king_1_1,,,,,,,p1_,sally_rat_king_1_2,0,5,highest,0,All Players,0,0,0,,,
1272,sally_rat_king_1_2,,,,,,,p2_,sally_rat_king_1_3,0,5,highest,0,All Players,0,0,0,,,
1273,sally_rat_king_1_3,,,,,,,p3_,sally_rat_king_1_4,0,5,highest,0,All Players,0,0,0,,,
1274,sally_rat_king_1_4,,,,,,,p4_,sally_rat_king_1_5,0,5,highest,0,All Players,0,0,0,,,
1275,sally_rat_king_1_5,,,,,,,p1_,sally_rat_king_1_6,0,5,highest,0,All Players,0,0,0,,,
1276,sally_rat_king_1_6,,,,,,,p2_,sally_rat_king_1_7,0,5,highest,0,All Players,0,0,0,,,
1277,sally_rat_king_1_7,,,,,,,p4_,,0,5,highest,0,All Players,0,0,0,,,
1278,sally_rat_king_2_1,,,,,,,p1_,sally_rat_king_2_2,0,5,highest,0,All Players,0,0,0,,,
1279,sally_rat_king_2_2,,,,,,,p4_,sally_rat_king_2_3,0,5,highest,0,All Players,0,0,0,,,
1280,sally_rat_king_2_3,,,,,,,p3_,sally_rat_king_2_4,0,5,highest,0,All Players,0,0,0,,,
1281,sally_rat_king_2_4,,,,,,,p2_,,0,5,highest,0,All Players,0,0,0,,,
1282,sally_rat_king_3_1,,,,,,,p1_,sally_rat_king_3_2,0,5,highest,0,All Players,0,0,0,,,
1283,sally_rat_king_3_2,,,,,,,p4_,sally_rat_king_3_3,0,5,highest,0,All Players,0,0,0,,,
1284,sally_rat_king_3_3,,,,,,,p2_,sally_rat_king_3_4,0,5,highest,0,All Players,0,0,0,,,
1285,sally_rat_king_3_4,,,,,,,p3_,,0,5,highest,0,All Players,0,0,0,,,
1286,pdex_rat_king_1_1,,,,,,,p2_,pdex_rat_king_1_2,0,5,highest,0,All Players,0,0,0,,,
1287,pdex_rat_king_1_2,,,,,,,p3_,pdex_rat_king_1_3,0,5,highest,0,All Players,0,0,0,,,
1288,pdex_rat_king_1_3,,,,,,,p2_,pdex_rat_king_1_4,0,5,highest,0,All Players,0,0,0,,,
1289,pdex_rat_king_1_4,,,,,,,p1_,pdex_rat_king_1_5,0,5,highest,0,All Players,0,0,0,,,
1290,pdex_rat_king_1_5,,,,,,,p3_,pdex_rat_king_1_6,0,5,highest,0,All Players,0,0,0,,,
1291,pdex_rat_king_1_6,,,,,,,p4_,,0,5,highest,0,All Players,0,0,0,,,
1292,pdex_rat_king_2_1,,,,,,,p2_,pdex_rat_king_2_2,0,5,highest,0,All Players,0,0,0,,,
1293,pdex_rat_king_2_2,,,,,,,p4_,pdex_rat_king_2_3,0,5,highest,0,All Players,0,0,0,,,
1294,pdex_rat_king_2_3,,,,,,,p1_,pdex_rat_king_2_4,0,5,highest,0,All Players,0,0,0,,,
1295,pdex_rat_king_2_4,,,,,,,p3_,,0,5,highest,0,All Players,0,0,0,,,
1296,pdex_rat_king_3_1,,,,,,,p2_,pdex_rat_king_3_2,0,5,highest,0,All Players,0,0,0,,,
1297,pdex_rat_king_3_2,,,,,,,p4_,pdex_rat_king_3_3,0,5,highest,0,All Players,0,0,0,,,
1298,pdex_rat_king_3_3,,,,,,,p3_,pdex_rat_king_3_4,0,5,highest,0,All Players,0,0,0,,,
1299,pdex_rat_king_3_4,,,,,,,p1_,,0,5,highest,0,All Players,0,0,0,,,
1300,andre_rat_king_1_1,,,,,,,p3_,andre_rat_king_1_2,0,5,highest,0,All Players,0,0,0,,,
1301,andre_rat_king_1_2,,,,,,,p2_,andre_rat_king_1_3,0,5,highest,0,All Players,0,0,0,,,
1302,andre_rat_king_1_3,,,,,,,p1_,andre_rat_king_1_4,0,5,highest,0,All Players,0,0,0,,,
1303,andre_rat_king_1_4,,,,,,,p4_,andre_rat_king_1_5,0,5,highest,0,All Players,0,0,0,,,
1304,andre_rat_king_1_5,,,,,,,p2_,,0,5,highest,0,All Players,0,0,0,,,
1305,andre_rat_king_2_1,,,,,,,p3_,andre_rat_king_2_2,0,5,highest,0,All Players,0,0,0,,,
1306,andre_rat_king_2_2,,,,,,,p1_,andre_rat_king_2_3,0,5,highest,0,All Players,0,0,0,,,
1307,andre_rat_king_2_3,,,,,,,p4_,andre_rat_king_2_4,0,5,highest,0,All Players,0,0,0,,,
1308,andre_rat_king_2_4,,,,,,,p2_,,0,5,highest,0,All Players,0,0,0,,,
1309,andre_rat_king_3_1,,,,,,,p3_,andre_rat_king_3_2,0,5,highest,0,All Players,0,0,0,,,
1310,andre_rat_king_3_2,,,,,,,p2_,andre_rat_king_3_3,0,5,highest,0,All Players,0,0,0,,,
1311,andre_rat_king_3_3,,,,,,,p4_,andre_rat_king_3_4,0,5,highest,0,All Players,0,0,0,,,
1312,andre_rat_king_3_4,,,,,,,p1_,,0,5,highest,0,All Players,0,0,0,,,
1313,aj_rat_king_1_1,,,,,,,p4_,aj_rat_king_1_2,0,5,highest,0,All Players,0,0,0,,,
1314,aj_rat_king_1_2,,,,,,,p3_,aj_rat_king_1_3,0,5,highest,0,All Players,0,0,0,,,
1315,aj_rat_king_1_3,,,,,,,p2_,aj_rat_king_1_4,0,5,highest,0,All Players,0,0,0,,,
1316,aj_rat_king_1_4,,,,,,,p1_,aj_rat_king_1_5,0,5,highest,0,All Players,0,0,0,,,
1317,aj_rat_king_1_5,,,,,,,p4_,,0,5,highest,0,All Players,0,0,0,,,
1318,aj_rat_king_2_1,,,,,,,p4_,aj_rat_king_2_2,0,5,highest,0,All Players,0,0,0,,,
1319,aj_rat_king_2_2,,,,,,,p1_,aj_rat_king_2_3,0,5,highest,0,All Players,0,0,0,,,
1320,aj_rat_king_2_3,,,,,,,p4_,aj_rat_king_2_4,0,5,highest,0,All Players,0,0,0,,,
1321,aj_rat_king_2_4,,,,,,,p2_,,0,5,highest,0,All Players,0,0,0,,,
1322,aj_rat_king_3_1,,,,,,,p4_,aj_rat_king_3_2,0,5,highest,0,All Players,0,0,0,,,
1323,aj_rat_king_3_2,,,,,,,p1_,aj_rat_king_3_3,0,5,highest,0,All Players,0,0,0,,,
1324,aj_rat_king_3_3,,,,,,,p3_,aj_rat_king_3_4,0,5,highest,0,All Players,0,0,0,,,
1325,aj_rat_king_3_4,,,,,,,p2_,aj_rat_king_3_5,0,5,highest,0,All Players,0,0,0,,,
1326,aj_rat_king_3_5,,,,,,,p4_,,0,5,highest,0,All Players,0,0,0,,,
1327,fasttravel_exit,200,50,,,,,,,1,5,low,0,All Players,0,0,0,,,
1328,ww_bio_all_sally,15,100,,,,,,,1,5,highest,0,All Players,0,0,0,,,
1329,ww_bio_all_poindexter,15,100,,,,,,,1,5,highest,0,All Players,0,0,0,,,
1330,ww_bio_all_andre,15,100,,,,,,,1,5,highest,0,All Players,0,0,0,,,
1331,ww_bio_all_aj,15,100,,,,,,,1,5,highest,0,All Players,0,0,0,,,
1332,pam_generic_response,,100,,,,,,,1,20,highest,0,All Players,0,0,0,,,
1333,injured_pain_skater,100,100,,,,,,,1,5,low,1,All Players,0,0,0,,,
1334,defeat_ratking_1,,100,,,,,,,1,5,highest,0,All Players,0,0,0,,,
1335,defeat_ratking_2,,100,,,,,,,1,5,highest,0,All Players,0,0,0,,,
1336,defeat_ratking_3,,100,,,,,,,1,5,highest,0,All Players,0,0,0,,,
1337,killfirm_skater,200,20,,,,,,,1,5,low,1,All Players,0,0,0,,,
1338,pap_charge_fuse,,100,1,,,,,,1,5,high,1,All Players,0,0,0,,,
1339,killfirm_kungfu,180,10,,kill,,,,,1,5,low,0,,1,0,1,,,
1340,powerup_collect,20,100,,,,,,,1,10,high,0,All Players,0,0,0,,,
